,file_name,count
0,img_0.png,6
1,img_1.png,5
2,img_2.png,2
3,img_3.png,4
4,img_4.png,3
5,img_5.png,7
6,img_6.png,4
7,img_7.png,7
8,img_8.png,7
9,img_9.png,1
10,img_10.png,4
11,img_11.png,5
12,img_12.png,3
13,img_13.png,3
14,img_14.png,3
15,img_15.png,4
16,img_16.png,1
17,img_17.png,6
18,img_18.png,4
19,img_19.png,6
20,img_20.png,2
21,img_21.png,4
22,img_22.png,3
23,img_23.png,1
24,img_24.png,7
25,img_25.png,6
26,img_26.png,6
27,img_27.png,1
28,img_28.png,2
29,img_29.png,3
30,img_30.png,3
31,img_31.png,4
32,img_32.png,7
33,img_33.png,6
34,img_34.png,5
35,img_35.png,1
36,img_36.png,1
37,img_37.png,5
38,img_38.png,6
39,img_39.png,6
40,img_40.png,3
41,img_41.png,3
42,img_42.png,3
43,img_43.png,1
44,img_44.png,1
45,img_45.png,5
46,img_46.png,6
47,img_47.png,1
48,img_48.png,1
49,img_49.png,7
50,img_50.png,6
51,img_51.png,3
52,img_52.png,7
53,img_53.png,2
54,img_54.png,1
55,img_55.png,2
56,img_56.png,4
57,img_57.png,6
58,img_58.png,7
59,img_59.png,4
60,img_60.png,2
61,img_61.png,6
62,img_62.png,2
63,img_63.png,6
64,img_64.png,5
65,img_65.png,7
66,img_66.png,5
67,img_67.png,2
68,img_68.png,6
69,img_69.png,1
70,img_70.png,6
71,img_71.png,2
72,img_72.png,6
73,img_73.png,2
74,img_74.png,4
75,img_75.png,1
76,img_76.png,1
77,img_77.png,6
78,img_78.png,5
79,img_79.png,1
80,img_80.png,1
81,img_81.png,1
82,img_82.png,7
83,img_83.png,4
84,img_84.png,3
85,img_85.png,3
86,img_86.png,1
87,img_87.png,5
88,img_88.png,4
89,img_89.png,3
90,img_90.png,4
91,img_91.png,5
92,img_92.png,7
93,img_93.png,2
94,img_94.png,3
95,img_95.png,7
96,img_96.png,5
97,img_97.png,4
98,img_98.png,3
99,img_99.png,3
100,img_100.png,2
101,img_101.png,3
102,img_102.png,6
103,img_103.png,6
104,img_104.png,6
105,img_105.png,6
106,img_106.png,7
107,img_107.png,1
108,img_108.png,1
109,img_109.png,1
110,img_110.png,2
111,img_111.png,5
112,img_112.png,3
113,img_113.png,1
114,img_114.png,3
115,img_115.png,6
116,img_116.png,5
117,img_117.png,3
118,img_118.png,3
119,img_119.png,6
120,img_120.png,6
121,img_121.png,1
122,img_122.png,5
123,img_123.png,6
124,img_124.png,1
125,img_125.png,7
126,img_126.png,7
127,img_127.png,2
128,img_128.png,3
129,img_129.png,6
130,img_130.png,3
131,img_131.png,7
132,img_132.png,4
133,img_133.png,3
134,img_134.png,2
135,img_135.png,6
136,img_136.png,1
137,img_137.png,6
138,img_138.png,5
139,img_139.png,7
140,img_140.png,5
141,img_141.png,6
142,img_142.png,5
143,img_143.png,2
144,img_144.png,3
145,img_145.png,1
146,img_146.png,4
147,img_147.png,1
148,img_148.png,4
149,img_149.png,6
150,img_150.png,3
151,img_151.png,6
152,img_152.png,6
153,img_153.png,1
154,img_154.png,4
155,img_155.png,1
156,img_156.png,1
157,img_157.png,1
158,img_158.png,6
159,img_159.png,3
160,img_160.png,6
161,img_161.png,5
162,img_162.png,1
163,img_163.png,5
164,img_164.png,6
165,img_165.png,7
166,img_166.png,3
167,img_167.png,7
168,img_168.png,3
169,img_169.png,6
170,img_170.png,2
171,img_171.png,5
172,img_172.png,3
173,img_173.png,4
174,img_174.png,6
175,img_175.png,7
176,img_176.png,1
177,img_177.png,6
178,img_178.png,5
179,img_179.png,1
180,img_180.png,3
181,img_181.png,5
182,img_182.png,6
183,img_183.png,6
184,img_184.png,1
185,img_185.png,2
186,img_186.png,1
187,img_187.png,1
188,img_188.png,7
189,img_189.png,4
190,img_190.png,3
191,img_191.png,5
192,img_192.png,6
193,img_193.png,2
194,img_194.png,2
195,img_195.png,5
196,img_196.png,6
197,img_197.png,6
198,img_198.png,4
199,img_199.png,7
200,img_200.png,7
201,img_201.png,6
202,img_202.png,2
203,img_203.png,3
204,img_204.png,3
205,img_205.png,6
206,img_206.png,1
207,img_207.png,2
208,img_208.png,5
209,img_209.png,4
210,img_210.png,7
211,img_211.png,3
212,img_212.png,7
213,img_213.png,3
214,img_214.png,7
215,img_215.png,3
216,img_216.png,2
217,img_217.png,1
218,img_218.png,3
219,img_219.png,5
220,img_220.png,2
221,img_221.png,7
222,img_222.png,7
223,img_223.png,2
224,img_224.png,6
225,img_225.png,3
226,img_226.png,2
227,img_227.png,5
228,img_228.png,4
229,img_229.png,5
230,img_230.png,4
231,img_231.png,1
232,img_232.png,4
233,img_233.png,7
234,img_234.png,3
235,img_235.png,6
236,img_236.png,4
237,img_237.png,5
238,img_238.png,5
239,img_239.png,6
240,img_240.png,7
241,img_241.png,4
242,img_242.png,7
243,img_243.png,4
244,img_244.png,6
245,img_245.png,3
246,img_246.png,4
247,img_247.png,2
248,img_248.png,1
249,img_249.png,5
250,img_250.png,1
251,img_251.png,6
252,img_252.png,3
253,img_253.png,2
254,img_254.png,2
255,img_255.png,5
256,img_256.png,3
257,img_257.png,3
258,img_258.png,2
259,img_259.png,4
260,img_260.png,4
261,img_261.png,3
262,img_262.png,5
263,img_263.png,4
264,img_264.png,3
265,img_265.png,7
266,img_266.png,6
267,img_267.png,5
268,img_268.png,4
269,img_269.png,3
270,img_270.png,7
271,img_271.png,2
272,img_272.png,4
273,img_273.png,5
274,img_274.png,2
275,img_275.png,6
276,img_276.png,3
277,img_277.png,7
278,img_278.png,1
279,img_279.png,5
280,img_280.png,5
281,img_281.png,1
282,img_282.png,7
283,img_283.png,2
284,img_284.png,2
285,img_285.png,6
286,img_286.png,1
287,img_287.png,7
288,img_288.png,5
289,img_289.png,3
290,img_290.png,3
291,img_291.png,3
292,img_292.png,1
293,img_293.png,3
294,img_294.png,7
295,img_295.png,4
296,img_296.png,7
297,img_297.png,7
298,img_298.png,5
299,img_299.png,5
300,img_300.png,4
301,img_301.png,5
302,img_302.png,1
303,img_303.png,2
304,img_304.png,5
305,img_305.png,7
306,img_306.png,1
307,img_307.png,2
308,img_308.png,7
309,img_309.png,6
310,img_310.png,6
311,img_311.png,5
312,img_312.png,2
313,img_313.png,5
314,img_314.png,5
315,img_315.png,6
316,img_316.png,2
317,img_317.png,5
318,img_318.png,2
319,img_319.png,3
320,img_320.png,6
321,img_321.png,1
322,img_322.png,5
323,img_323.png,1
324,img_324.png,7
325,img_325.png,5
326,img_326.png,1
327,img_327.png,3
328,img_328.png,7
329,img_329.png,2
330,img_330.png,4
331,img_331.png,6
332,img_332.png,2
333,img_333.png,4
334,img_334.png,2
335,img_335.png,7
336,img_336.png,4
337,img_337.png,7
338,img_338.png,4
339,img_339.png,2
340,img_340.png,3
341,img_341.png,3
342,img_342.png,1
343,img_343.png,4
344,img_344.png,7
345,img_345.png,3
346,img_346.png,3
347,img_347.png,5
348,img_348.png,3
349,img_349.png,6
350,img_350.png,4
351,img_351.png,5
352,img_352.png,1
353,img_353.png,7
354,img_354.png,7
355,img_355.png,1
356,img_356.png,6
357,img_357.png,2
358,img_358.png,1
359,img_359.png,5
360,img_360.png,5
361,img_361.png,3
362,img_362.png,4
363,img_363.png,1
364,img_364.png,7
365,img_365.png,1
366,img_366.png,1
367,img_367.png,2
368,img_368.png,3
369,img_369.png,5
370,img_370.png,2
371,img_371.png,1
372,img_372.png,1
373,img_373.png,1
374,img_374.png,2
375,img_375.png,5
376,img_376.png,6
377,img_377.png,7
378,img_378.png,6
379,img_379.png,7
380,img_380.png,4
381,img_381.png,1
382,img_382.png,3
383,img_383.png,3
384,img_384.png,7
385,img_385.png,3
386,img_386.png,1
387,img_387.png,5
388,img_388.png,7
389,img_389.png,7
390,img_390.png,3
391,img_391.png,3
392,img_392.png,3
393,img_393.png,3
394,img_394.png,4
395,img_395.png,6
396,img_396.png,1
397,img_397.png,2
398,img_398.png,2
399,img_399.png,4
400,img_400.png,1
401,img_401.png,5
402,img_402.png,5
403,img_403.png,6
404,img_404.png,1
405,img_405.png,4
406,img_406.png,3
407,img_407.png,7
408,img_408.png,5
409,img_409.png,6
410,img_410.png,6
411,img_411.png,2
412,img_412.png,5
413,img_413.png,4
414,img_414.png,4
415,img_415.png,5
416,img_416.png,6
417,img_417.png,2
418,img_418.png,7
419,img_419.png,3
420,img_420.png,4
421,img_421.png,7
422,img_422.png,5
423,img_423.png,2
424,img_424.png,7
425,img_425.png,4
426,img_426.png,5
427,img_427.png,5
428,img_428.png,1
429,img_429.png,4
430,img_430.png,3
431,img_431.png,6
432,img_432.png,4
433,img_433.png,4
434,img_434.png,7
435,img_435.png,1
436,img_436.png,5
437,img_437.png,5
438,img_438.png,5
439,img_439.png,5
440,img_440.png,6
441,img_441.png,4
442,img_442.png,6
443,img_443.png,1
444,img_444.png,1
445,img_445.png,1
446,img_446.png,5
447,img_447.png,1
448,img_448.png,6
449,img_449.png,3
450,img_450.png,4
451,img_451.png,2
452,img_452.png,3
453,img_453.png,4
454,img_454.png,6
455,img_455.png,1
456,img_456.png,1
457,img_457.png,6
458,img_458.png,6
459,img_459.png,6
460,img_460.png,1
461,img_461.png,6
462,img_462.png,1
463,img_463.png,3
464,img_464.png,5
465,img_465.png,4
466,img_466.png,5
467,img_467.png,7
468,img_468.png,1
469,img_469.png,2
470,img_470.png,5
471,img_471.png,2
472,img_472.png,2
473,img_473.png,2
474,img_474.png,7
475,img_475.png,1
476,img_476.png,2
477,img_477.png,7
478,img_478.png,3
479,img_479.png,1
480,img_480.png,6
481,img_481.png,4
482,img_482.png,6
483,img_483.png,7
484,img_484.png,3
485,img_485.png,5
486,img_486.png,2
487,img_487.png,1
488,img_488.png,5
489,img_489.png,1
490,img_490.png,5
491,img_491.png,7
492,img_492.png,6
493,img_493.png,5
494,img_494.png,7
495,img_495.png,5
496,img_496.png,4
497,img_497.png,1
498,img_498.png,3
499,img_499.png,4
500,img_500.png,2
501,img_501.png,7
502,img_502.png,4
503,img_503.png,2
504,img_504.png,2
505,img_505.png,2
506,img_506.png,6
507,img_507.png,1
508,img_508.png,3
509,img_509.png,3
510,img_510.png,3
511,img_511.png,2
512,img_512.png,1
513,img_513.png,4
514,img_514.png,4
515,img_515.png,1
516,img_516.png,6
517,img_517.png,4
518,img_518.png,5
519,img_519.png,7
520,img_520.png,7
521,img_521.png,1
522,img_522.png,2
523,img_523.png,5
524,img_524.png,2
525,img_525.png,2
526,img_526.png,1
527,img_527.png,6
528,img_528.png,2
529,img_529.png,2
530,img_530.png,1
531,img_531.png,7
532,img_532.png,7
533,img_533.png,6
534,img_534.png,5
535,img_535.png,4
536,img_536.png,7
537,img_537.png,1
538,img_538.png,2
539,img_539.png,5
540,img_540.png,6
541,img_541.png,1
542,img_542.png,1
543,img_543.png,6
544,img_544.png,6
545,img_545.png,3
546,img_546.png,4
547,img_547.png,7
548,img_548.png,1
549,img_549.png,2
550,img_550.png,6
551,img_551.png,4
552,img_552.png,3
553,img_553.png,1
554,img_554.png,1
555,img_555.png,3
556,img_556.png,6
557,img_557.png,6
558,img_558.png,3
559,img_559.png,2
560,img_560.png,3
561,img_561.png,3
562,img_562.png,6
563,img_563.png,7
564,img_564.png,4
565,img_565.png,1
566,img_566.png,1
567,img_567.png,5
568,img_568.png,5
569,img_569.png,1
570,img_570.png,6
571,img_571.png,3
572,img_572.png,1
573,img_573.png,1
574,img_574.png,5
575,img_575.png,1
576,img_576.png,4
577,img_577.png,6
578,img_578.png,2
579,img_579.png,6
580,img_580.png,1
581,img_581.png,3
582,img_582.png,4
583,img_583.png,3
584,img_584.png,6
585,img_585.png,7
586,img_586.png,7
587,img_587.png,7
588,img_588.png,7
589,img_589.png,6
590,img_590.png,6
591,img_591.png,7
592,img_592.png,2
593,img_593.png,4
594,img_594.png,3
595,img_595.png,3
596,img_596.png,7
597,img_597.png,2
598,img_598.png,1
599,img_599.png,3
600,img_600.png,7
601,img_601.png,7
602,img_602.png,1
603,img_603.png,3
604,img_604.png,2
605,img_605.png,7
606,img_606.png,1
607,img_607.png,3
608,img_608.png,6
609,img_609.png,2
610,img_610.png,2
611,img_611.png,5
612,img_612.png,2
613,img_613.png,4
614,img_614.png,7
615,img_615.png,5
616,img_616.png,3
617,img_617.png,4
618,img_618.png,7
619,img_619.png,2
620,img_620.png,7
621,img_621.png,4
622,img_622.png,2
623,img_623.png,4
624,img_624.png,7
625,img_625.png,3
626,img_626.png,1
627,img_627.png,7
628,img_628.png,6
629,img_629.png,3
630,img_630.png,4
631,img_631.png,2
632,img_632.png,6
633,img_633.png,6
634,img_634.png,6
635,img_635.png,1
636,img_636.png,4
637,img_637.png,7
638,img_638.png,3
639,img_639.png,1
640,img_640.png,5
641,img_641.png,4
642,img_642.png,4
643,img_643.png,4
644,img_644.png,4
645,img_645.png,6
646,img_646.png,6
647,img_647.png,7
648,img_648.png,7
649,img_649.png,4
650,img_650.png,4
651,img_651.png,4
652,img_652.png,4
653,img_653.png,2
654,img_654.png,3
655,img_655.png,7
656,img_656.png,2
657,img_657.png,6
658,img_658.png,7
659,img_659.png,6
660,img_660.png,1
661,img_661.png,3
662,img_662.png,4
663,img_663.png,6
664,img_664.png,3
665,img_665.png,6
666,img_666.png,6
667,img_667.png,7
668,img_668.png,5
669,img_669.png,1
670,img_670.png,7
671,img_671.png,4
672,img_672.png,7
673,img_673.png,4
674,img_674.png,2
675,img_675.png,3
676,img_676.png,6
677,img_677.png,5
678,img_678.png,4
679,img_679.png,5
680,img_680.png,5
681,img_681.png,6
682,img_682.png,3
683,img_683.png,4
684,img_684.png,7
685,img_685.png,4
686,img_686.png,4
687,img_687.png,4
688,img_688.png,5
689,img_689.png,7
690,img_690.png,6
691,img_691.png,6
692,img_692.png,1
693,img_693.png,1
694,img_694.png,1
695,img_695.png,1
696,img_696.png,6
697,img_697.png,6
698,img_698.png,7
699,img_699.png,4
700,img_700.png,5
701,img_701.png,1
702,img_702.png,3
703,img_703.png,5
704,img_704.png,1
705,img_705.png,3
706,img_706.png,1
707,img_707.png,2
708,img_708.png,1
709,img_709.png,4
710,img_710.png,1
711,img_711.png,3
712,img_712.png,4
713,img_713.png,6
714,img_714.png,3
715,img_715.png,1
716,img_716.png,5
717,img_717.png,6
718,img_718.png,2
719,img_719.png,2
720,img_720.png,5
721,img_721.png,7
722,img_722.png,1
723,img_723.png,1
724,img_724.png,3
725,img_725.png,1
726,img_726.png,1
727,img_727.png,7
728,img_728.png,7
729,img_729.png,7
730,img_730.png,2
731,img_731.png,7
732,img_732.png,1
733,img_733.png,5
734,img_734.png,5
735,img_735.png,2
736,img_736.png,6
737,img_737.png,3
738,img_738.png,3
739,img_739.png,7
740,img_740.png,2
741,img_741.png,7
742,img_742.png,7
743,img_743.png,6
744,img_744.png,2
745,img_745.png,1
746,img_746.png,7
747,img_747.png,2
748,img_748.png,3
749,img_749.png,6
750,img_750.png,6
751,img_751.png,4
752,img_752.png,3
753,img_753.png,3
754,img_754.png,2
755,img_755.png,4
756,img_756.png,1
757,img_757.png,7
758,img_758.png,2
759,img_759.png,3
760,img_760.png,1
761,img_761.png,4
762,img_762.png,4
763,img_763.png,7
764,img_764.png,4
765,img_765.png,6
766,img_766.png,4
767,img_767.png,3
768,img_768.png,5
769,img_769.png,3
770,img_770.png,3
771,img_771.png,5
772,img_772.png,2
773,img_773.png,3
774,img_774.png,6
775,img_775.png,7
776,img_776.png,3
777,img_777.png,3
778,img_778.png,2
779,img_779.png,1
780,img_780.png,4
781,img_781.png,3
782,img_782.png,7
783,img_783.png,3
784,img_784.png,1
785,img_785.png,3
786,img_786.png,1
787,img_787.png,1
788,img_788.png,4
789,img_789.png,6
790,img_790.png,2
791,img_791.png,4
792,img_792.png,5
793,img_793.png,6
794,img_794.png,6
795,img_795.png,3
796,img_796.png,7
797,img_797.png,5
798,img_798.png,1
799,img_799.png,1
800,img_800.png,5
801,img_801.png,6
802,img_802.png,1
803,img_803.png,6
804,img_804.png,1
805,img_805.png,7
806,img_806.png,2
807,img_807.png,7
808,img_808.png,2
809,img_809.png,3
810,img_810.png,4
811,img_811.png,4
812,img_812.png,3
813,img_813.png,6
814,img_814.png,7
815,img_815.png,3
816,img_816.png,7
817,img_817.png,1
818,img_818.png,6
819,img_819.png,4
820,img_820.png,5
821,img_821.png,6
822,img_822.png,6
823,img_823.png,1
824,img_824.png,7
825,img_825.png,5
826,img_826.png,2
827,img_827.png,3
828,img_828.png,1
829,img_829.png,6
830,img_830.png,2
831,img_831.png,5
832,img_832.png,6
833,img_833.png,6
834,img_834.png,3
835,img_835.png,3
836,img_836.png,6
837,img_837.png,2
838,img_838.png,1
839,img_839.png,6
840,img_840.png,5
841,img_841.png,5
842,img_842.png,1
843,img_843.png,2
844,img_844.png,6
845,img_845.png,4
846,img_846.png,7
847,img_847.png,6
848,img_848.png,2
849,img_849.png,6
850,img_850.png,3
851,img_851.png,6
852,img_852.png,7
853,img_853.png,6
854,img_854.png,6
855,img_855.png,2
856,img_856.png,4
857,img_857.png,4
858,img_858.png,4
859,img_859.png,5
860,img_860.png,5
861,img_861.png,4
862,img_862.png,5
863,img_863.png,4
864,img_864.png,3
865,img_865.png,2
866,img_866.png,2
867,img_867.png,7
868,img_868.png,1
869,img_869.png,3
870,img_870.png,2
871,img_871.png,5
872,img_872.png,1
873,img_873.png,4
874,img_874.png,2
875,img_875.png,2
876,img_876.png,2
877,img_877.png,1
878,img_878.png,2
879,img_879.png,2
880,img_880.png,1
881,img_881.png,1
882,img_882.png,6
883,img_883.png,2
884,img_884.png,5
885,img_885.png,2
886,img_886.png,2
887,img_887.png,6
888,img_888.png,2
889,img_889.png,4
890,img_890.png,3
891,img_891.png,3
892,img_892.png,6
893,img_893.png,5
894,img_894.png,5
895,img_895.png,6
896,img_896.png,1
897,img_897.png,4
898,img_898.png,1
899,img_899.png,1
900,img_900.png,1
901,img_901.png,2
902,img_902.png,4
903,img_903.png,5
904,img_904.png,2
905,img_905.png,2
906,img_906.png,4
907,img_907.png,7
908,img_908.png,1
909,img_909.png,4
910,img_910.png,5
911,img_911.png,3
912,img_912.png,5
913,img_913.png,3
914,img_914.png,5
915,img_915.png,6
916,img_916.png,3
917,img_917.png,2
918,img_918.png,3
919,img_919.png,7
920,img_920.png,2
921,img_921.png,6
922,img_922.png,6
923,img_923.png,4
924,img_924.png,2
925,img_925.png,5
926,img_926.png,5
927,img_927.png,3
928,img_928.png,5
929,img_929.png,1
930,img_930.png,3
931,img_931.png,5
932,img_932.png,3
933,img_933.png,7
934,img_934.png,5
935,img_935.png,5
936,img_936.png,5
937,img_937.png,3
938,img_938.png,4
939,img_939.png,4
940,img_940.png,3
941,img_941.png,1
942,img_942.png,1
943,img_943.png,7
944,img_944.png,1
945,img_945.png,3
946,img_946.png,5
947,img_947.png,3
948,img_948.png,5
949,img_949.png,7
950,img_950.png,2
951,img_951.png,4
952,img_952.png,4
953,img_953.png,4
954,img_954.png,1
955,img_955.png,6
956,img_956.png,6
957,img_957.png,4
958,img_958.png,3
959,img_959.png,2
960,img_960.png,6
961,img_961.png,6
962,img_962.png,6
963,img_963.png,7
964,img_964.png,1
965,img_965.png,2
966,img_966.png,2
967,img_967.png,2
968,img_968.png,2
969,img_969.png,2
970,img_970.png,6
971,img_971.png,6
972,img_972.png,4
973,img_973.png,2
974,img_974.png,7
975,img_975.png,2
976,img_976.png,4
977,img_977.png,4
978,img_978.png,1
979,img_979.png,7
980,img_980.png,1
981,img_981.png,1
982,img_982.png,2
983,img_983.png,2
984,img_984.png,1
985,img_985.png,5
986,img_986.png,3
987,img_987.png,3
988,img_988.png,6
989,img_989.png,3
990,img_990.png,6
991,img_991.png,3
992,img_992.png,6
993,img_993.png,4
994,img_994.png,2
995,img_995.png,1
996,img_996.png,4
997,img_997.png,7
998,img_998.png,2
999,img_999.png,6
1000,img_1000.png,2
1001,img_1001.png,7
1002,img_1002.png,7
1003,img_1003.png,7
1004,img_1004.png,3
1005,img_1005.png,3
1006,img_1006.png,2
1007,img_1007.png,2
1008,img_1008.png,4
1009,img_1009.png,6
1010,img_1010.png,5
1011,img_1011.png,5
1012,img_1012.png,6
1013,img_1013.png,4
1014,img_1014.png,2
1015,img_1015.png,5
1016,img_1016.png,7
1017,img_1017.png,1
1018,img_1018.png,3
1019,img_1019.png,7
1020,img_1020.png,7
1021,img_1021.png,2
1022,img_1022.png,6
1023,img_1023.png,6
1024,img_1024.png,1
1025,img_1025.png,7
1026,img_1026.png,5
1027,img_1027.png,5
1028,img_1028.png,6
1029,img_1029.png,1
1030,img_1030.png,1
1031,img_1031.png,6
1032,img_1032.png,5
1033,img_1033.png,6
1034,img_1034.png,7
1035,img_1035.png,4
1036,img_1036.png,7
1037,img_1037.png,7
1038,img_1038.png,2
1039,img_1039.png,4
1040,img_1040.png,5
1041,img_1041.png,5
1042,img_1042.png,2
1043,img_1043.png,7
1044,img_1044.png,2
1045,img_1045.png,5
1046,img_1046.png,3
1047,img_1047.png,1
1048,img_1048.png,5
1049,img_1049.png,6
1050,img_1050.png,2
1051,img_1051.png,7
1052,img_1052.png,5
1053,img_1053.png,5
1054,img_1054.png,7
1055,img_1055.png,5
1056,img_1056.png,5
1057,img_1057.png,6
1058,img_1058.png,7
1059,img_1059.png,3
1060,img_1060.png,4
1061,img_1061.png,1
1062,img_1062.png,5
1063,img_1063.png,5
1064,img_1064.png,5
1065,img_1065.png,5
1066,img_1066.png,3
1067,img_1067.png,7
1068,img_1068.png,2
1069,img_1069.png,2
1070,img_1070.png,4
1071,img_1071.png,5
1072,img_1072.png,5
1073,img_1073.png,3
1074,img_1074.png,5
1075,img_1075.png,4
1076,img_1076.png,3
1077,img_1077.png,2
1078,img_1078.png,4
1079,img_1079.png,5
1080,img_1080.png,6
1081,img_1081.png,5
1082,img_1082.png,6
1083,img_1083.png,6
1084,img_1084.png,2
1085,img_1085.png,5
1086,img_1086.png,2
1087,img_1087.png,5
1088,img_1088.png,1
1089,img_1089.png,5
1090,img_1090.png,5
1091,img_1091.png,6
1092,img_1092.png,6
1093,img_1093.png,2
1094,img_1094.png,7
1095,img_1095.png,3
1096,img_1096.png,1
1097,img_1097.png,1
1098,img_1098.png,6
1099,img_1099.png,6
1100,img_1100.png,2
1101,img_1101.png,5
1102,img_1102.png,7
1103,img_1103.png,5
1104,img_1104.png,5
1105,img_1105.png,2
1106,img_1106.png,4
1107,img_1107.png,4
1108,img_1108.png,2
1109,img_1109.png,2
1110,img_1110.png,6
1111,img_1111.png,4
1112,img_1112.png,3
1113,img_1113.png,7
1114,img_1114.png,6
1115,img_1115.png,4
1116,img_1116.png,1
1117,img_1117.png,5
1118,img_1118.png,3
1119,img_1119.png,2
1120,img_1120.png,2
1121,img_1121.png,6
1122,img_1122.png,7
1123,img_1123.png,6
1124,img_1124.png,7
1125,img_1125.png,7
1126,img_1126.png,7
1127,img_1127.png,1
1128,img_1128.png,6
1129,img_1129.png,5
1130,img_1130.png,3
1131,img_1131.png,2
1132,img_1132.png,4
1133,img_1133.png,1
1134,img_1134.png,5
1135,img_1135.png,2
1136,img_1136.png,2
1137,img_1137.png,4
1138,img_1138.png,5
1139,img_1139.png,5
1140,img_1140.png,2
1141,img_1141.png,5
1142,img_1142.png,3
1143,img_1143.png,1
1144,img_1144.png,1
1145,img_1145.png,7
1146,img_1146.png,1
1147,img_1147.png,1
1148,img_1148.png,2
1149,img_1149.png,6
1150,img_1150.png,7
1151,img_1151.png,1
1152,img_1152.png,1
1153,img_1153.png,3
1154,img_1154.png,1
1155,img_1155.png,4
1156,img_1156.png,2
1157,img_1157.png,6
1158,img_1158.png,6
1159,img_1159.png,3
1160,img_1160.png,2
1161,img_1161.png,2
1162,img_1162.png,6
1163,img_1163.png,6
1164,img_1164.png,7
1165,img_1165.png,3
1166,img_1166.png,5
1167,img_1167.png,7
1168,img_1168.png,3
1169,img_1169.png,7
1170,img_1170.png,2
1171,img_1171.png,5
1172,img_1172.png,5
1173,img_1173.png,5
1174,img_1174.png,7
1175,img_1175.png,4
1176,img_1176.png,2
1177,img_1177.png,1
1178,img_1178.png,1
1179,img_1179.png,6
1180,img_1180.png,4
1181,img_1181.png,4
1182,img_1182.png,4
1183,img_1183.png,5
1184,img_1184.png,3
1185,img_1185.png,4
1186,img_1186.png,4
1187,img_1187.png,6
1188,img_1188.png,1
1189,img_1189.png,3
1190,img_1190.png,7
1191,img_1191.png,4
1192,img_1192.png,1
1193,img_1193.png,6
1194,img_1194.png,2
1195,img_1195.png,3
1196,img_1196.png,5
1197,img_1197.png,1
1198,img_1198.png,5
1199,img_1199.png,4
1200,img_1200.png,5
1201,img_1201.png,7
1202,img_1202.png,3
1203,img_1203.png,1
1204,img_1204.png,2
1205,img_1205.png,6
1206,img_1206.png,3
1207,img_1207.png,7
1208,img_1208.png,5
1209,img_1209.png,5
1210,img_1210.png,4
1211,img_1211.png,2
1212,img_1212.png,5
1213,img_1213.png,2
1214,img_1214.png,3
1215,img_1215.png,5
1216,img_1216.png,2
1217,img_1217.png,7
1218,img_1218.png,6
1219,img_1219.png,6
1220,img_1220.png,3
1221,img_1221.png,1
1222,img_1222.png,1
1223,img_1223.png,5
1224,img_1224.png,4
1225,img_1225.png,6
1226,img_1226.png,1
1227,img_1227.png,4
1228,img_1228.png,6
1229,img_1229.png,5
1230,img_1230.png,6
1231,img_1231.png,5
1232,img_1232.png,7
1233,img_1233.png,4
1234,img_1234.png,7
1235,img_1235.png,6
1236,img_1236.png,1
1237,img_1237.png,6
1238,img_1238.png,2
1239,img_1239.png,3
1240,img_1240.png,1
1241,img_1241.png,2
1242,img_1242.png,6
1243,img_1243.png,5
1244,img_1244.png,7
1245,img_1245.png,7
1246,img_1246.png,1
1247,img_1247.png,1
1248,img_1248.png,3
1249,img_1249.png,6
1250,img_1250.png,1
1251,img_1251.png,3
1252,img_1252.png,3
1253,img_1253.png,1
1254,img_1254.png,1
1255,img_1255.png,7
1256,img_1256.png,6
1257,img_1257.png,4
1258,img_1258.png,7
1259,img_1259.png,1
1260,img_1260.png,6
1261,img_1261.png,6
1262,img_1262.png,4
1263,img_1263.png,7
1264,img_1264.png,1
1265,img_1265.png,1
1266,img_1266.png,1
1267,img_1267.png,6
1268,img_1268.png,4
1269,img_1269.png,1
1270,img_1270.png,7
1271,img_1271.png,4
1272,img_1272.png,2
1273,img_1273.png,1
1274,img_1274.png,1
1275,img_1275.png,5
1276,img_1276.png,2
1277,img_1277.png,7
1278,img_1278.png,3
1279,img_1279.png,3
1280,img_1280.png,2
1281,img_1281.png,6
1282,img_1282.png,2
1283,img_1283.png,1
1284,img_1284.png,6
1285,img_1285.png,1
1286,img_1286.png,5
1287,img_1287.png,1
1288,img_1288.png,4
1289,img_1289.png,4
1290,img_1290.png,5
1291,img_1291.png,6
1292,img_1292.png,3
1293,img_1293.png,4
1294,img_1294.png,5
1295,img_1295.png,7
1296,img_1296.png,7
1297,img_1297.png,7
1298,img_1298.png,6
1299,img_1299.png,4
1300,img_1300.png,5
1301,img_1301.png,2
1302,img_1302.png,3
1303,img_1303.png,1
1304,img_1304.png,5
1305,img_1305.png,4
1306,img_1306.png,5
1307,img_1307.png,6
1308,img_1308.png,6
1309,img_1309.png,6
1310,img_1310.png,2
1311,img_1311.png,4
1312,img_1312.png,4
1313,img_1313.png,1
1314,img_1314.png,3
1315,img_1315.png,2
1316,img_1316.png,3
1317,img_1317.png,4
1318,img_1318.png,4
1319,img_1319.png,7
1320,img_1320.png,4
1321,img_1321.png,3
1322,img_1322.png,5
1323,img_1323.png,7
1324,img_1324.png,2
1325,img_1325.png,4
1326,img_1326.png,1
1327,img_1327.png,4
1328,img_1328.png,7
1329,img_1329.png,6
1330,img_1330.png,6
1331,img_1331.png,6
1332,img_1332.png,6
1333,img_1333.png,4
1334,img_1334.png,7
1335,img_1335.png,5
1336,img_1336.png,1
1337,img_1337.png,7
1338,img_1338.png,2
1339,img_1339.png,1
1340,img_1340.png,3
1341,img_1341.png,7
1342,img_1342.png,7
1343,img_1343.png,1
1344,img_1344.png,1
1345,img_1345.png,7
1346,img_1346.png,4
1347,img_1347.png,2
1348,img_1348.png,6
1349,img_1349.png,3
1350,img_1350.png,4
1351,img_1351.png,1
1352,img_1352.png,4
1353,img_1353.png,3
1354,img_1354.png,1
1355,img_1355.png,7
1356,img_1356.png,1
1357,img_1357.png,7
1358,img_1358.png,6
1359,img_1359.png,5
1360,img_1360.png,7
1361,img_1361.png,7
1362,img_1362.png,7
1363,img_1363.png,7
1364,img_1364.png,7
1365,img_1365.png,5
1366,img_1366.png,3
1367,img_1367.png,1
1368,img_1368.png,6
1369,img_1369.png,2
1370,img_1370.png,1
1371,img_1371.png,5
1372,img_1372.png,1
1373,img_1373.png,3
1374,img_1374.png,3
1375,img_1375.png,2
1376,img_1376.png,3
1377,img_1377.png,3
1378,img_1378.png,2
1379,img_1379.png,2
1380,img_1380.png,3
1381,img_1381.png,7
1382,img_1382.png,4
1383,img_1383.png,5
1384,img_1384.png,3
1385,img_1385.png,3
1386,img_1386.png,3
1387,img_1387.png,7
1388,img_1388.png,2
1389,img_1389.png,4
1390,img_1390.png,3
1391,img_1391.png,2
1392,img_1392.png,2
1393,img_1393.png,2
1394,img_1394.png,3
1395,img_1395.png,6
1396,img_1396.png,5
1397,img_1397.png,7
1398,img_1398.png,3
1399,img_1399.png,7
1400,img_1400.png,5
1401,img_1401.png,2
1402,img_1402.png,5
1403,img_1403.png,7
1404,img_1404.png,2
1405,img_1405.png,6
1406,img_1406.png,3
1407,img_1407.png,5
1408,img_1408.png,2
1409,img_1409.png,2
1410,img_1410.png,6
1411,img_1411.png,2
1412,img_1412.png,1
1413,img_1413.png,1
1414,img_1414.png,5
1415,img_1415.png,6
1416,img_1416.png,3
1417,img_1417.png,3
1418,img_1418.png,5
1419,img_1419.png,5
1420,img_1420.png,4
1421,img_1421.png,2
1422,img_1422.png,7
1423,img_1423.png,2
1424,img_1424.png,6
1425,img_1425.png,1
1426,img_1426.png,6
1427,img_1427.png,3
1428,img_1428.png,4
1429,img_1429.png,4
1430,img_1430.png,1
1431,img_1431.png,3
1432,img_1432.png,2
1433,img_1433.png,2
1434,img_1434.png,1
1435,img_1435.png,6
1436,img_1436.png,3
1437,img_1437.png,6
1438,img_1438.png,6
1439,img_1439.png,7
1440,img_1440.png,4
1441,img_1441.png,7
1442,img_1442.png,4
1443,img_1443.png,3
1444,img_1444.png,3
1445,img_1445.png,1
1446,img_1446.png,6
1447,img_1447.png,1
1448,img_1448.png,4
1449,img_1449.png,4
1450,img_1450.png,2
1451,img_1451.png,2
1452,img_1452.png,5
1453,img_1453.png,2
1454,img_1454.png,5
1455,img_1455.png,2
1456,img_1456.png,5
1457,img_1457.png,4
1458,img_1458.png,4
1459,img_1459.png,6
1460,img_1460.png,4
1461,img_1461.png,6
1462,img_1462.png,7
1463,img_1463.png,6
1464,img_1464.png,7
1465,img_1465.png,1
1466,img_1466.png,1
1467,img_1467.png,5
1468,img_1468.png,7
1469,img_1469.png,7
1470,img_1470.png,6
1471,img_1471.png,6
1472,img_1472.png,4
1473,img_1473.png,5
1474,img_1474.png,1
1475,img_1475.png,6
1476,img_1476.png,4
1477,img_1477.png,1
1478,img_1478.png,5
1479,img_1479.png,4
1480,img_1480.png,3
1481,img_1481.png,5
1482,img_1482.png,4
1483,img_1483.png,7
1484,img_1484.png,1
1485,img_1485.png,2
1486,img_1486.png,2
1487,img_1487.png,2
1488,img_1488.png,5
1489,img_1489.png,2
1490,img_1490.png,3
1491,img_1491.png,4
1492,img_1492.png,1
1493,img_1493.png,2
1494,img_1494.png,5
1495,img_1495.png,7
1496,img_1496.png,3
1497,img_1497.png,2
1498,img_1498.png,3
1499,img_1499.png,5
1500,img_1500.png,4
1501,img_1501.png,2
1502,img_1502.png,4
1503,img_1503.png,3
1504,img_1504.png,1
1505,img_1505.png,7
1506,img_1506.png,3
1507,img_1507.png,7
1508,img_1508.png,6
1509,img_1509.png,1
1510,img_1510.png,1
1511,img_1511.png,7
1512,img_1512.png,1
1513,img_1513.png,3
1514,img_1514.png,3
1515,img_1515.png,2
1516,img_1516.png,5
1517,img_1517.png,5
1518,img_1518.png,3
1519,img_1519.png,2
1520,img_1520.png,7
1521,img_1521.png,6
1522,img_1522.png,3
1523,img_1523.png,7
1524,img_1524.png,4
1525,img_1525.png,1
1526,img_1526.png,1
1527,img_1527.png,7
1528,img_1528.png,2
1529,img_1529.png,6
1530,img_1530.png,5
1531,img_1531.png,6
1532,img_1532.png,3
1533,img_1533.png,5
1534,img_1534.png,4
1535,img_1535.png,2
1536,img_1536.png,2
1537,img_1537.png,6
1538,img_1538.png,3
1539,img_1539.png,1
1540,img_1540.png,4
1541,img_1541.png,4
1542,img_1542.png,2
1543,img_1543.png,7
1544,img_1544.png,2
1545,img_1545.png,1
1546,img_1546.png,6
1547,img_1547.png,4
1548,img_1548.png,7
1549,img_1549.png,7
1550,img_1550.png,5
1551,img_1551.png,4
1552,img_1552.png,6
1553,img_1553.png,6
1554,img_1554.png,4
1555,img_1555.png,4
1556,img_1556.png,4
1557,img_1557.png,1
1558,img_1558.png,6
1559,img_1559.png,3
1560,img_1560.png,2
1561,img_1561.png,2
1562,img_1562.png,4
1563,img_1563.png,4
1564,img_1564.png,1
1565,img_1565.png,1
1566,img_1566.png,2
1567,img_1567.png,2
1568,img_1568.png,1
1569,img_1569.png,4
1570,img_1570.png,4
1571,img_1571.png,2
1572,img_1572.png,5
1573,img_1573.png,3
1574,img_1574.png,3
1575,img_1575.png,5
1576,img_1576.png,3
1577,img_1577.png,5
1578,img_1578.png,2
1579,img_1579.png,6
1580,img_1580.png,1
1581,img_1581.png,2
1582,img_1582.png,7
1583,img_1583.png,3
1584,img_1584.png,5
1585,img_1585.png,6
1586,img_1586.png,2
1587,img_1587.png,7
1588,img_1588.png,6
1589,img_1589.png,6
1590,img_1590.png,4
1591,img_1591.png,1
1592,img_1592.png,1
1593,img_1593.png,3
1594,img_1594.png,3
1595,img_1595.png,3
1596,img_1596.png,4
1597,img_1597.png,3
1598,img_1598.png,1
1599,img_1599.png,1
1600,img_1600.png,4
1601,img_1601.png,3
1602,img_1602.png,1
1603,img_1603.png,7
1604,img_1604.png,2
1605,img_1605.png,4
1606,img_1606.png,2
1607,img_1607.png,7
1608,img_1608.png,3
1609,img_1609.png,4
1610,img_1610.png,4
1611,img_1611.png,6
1612,img_1612.png,5
1613,img_1613.png,5
1614,img_1614.png,3
1615,img_1615.png,4
1616,img_1616.png,7
1617,img_1617.png,3
1618,img_1618.png,6
1619,img_1619.png,2
1620,img_1620.png,3
1621,img_1621.png,7
1622,img_1622.png,5
1623,img_1623.png,5
1624,img_1624.png,5
1625,img_1625.png,7
1626,img_1626.png,5
1627,img_1627.png,1
1628,img_1628.png,1
1629,img_1629.png,1
1630,img_1630.png,4
1631,img_1631.png,1
1632,img_1632.png,6
1633,img_1633.png,6
1634,img_1634.png,3
1635,img_1635.png,1
1636,img_1636.png,5
1637,img_1637.png,4
1638,img_1638.png,1
1639,img_1639.png,7
1640,img_1640.png,5
1641,img_1641.png,1
1642,img_1642.png,3
1643,img_1643.png,5
1644,img_1644.png,2
1645,img_1645.png,3
1646,img_1646.png,5
1647,img_1647.png,7
1648,img_1648.png,5
1649,img_1649.png,6
1650,img_1650.png,6
1651,img_1651.png,7
1652,img_1652.png,2
1653,img_1653.png,1
1654,img_1654.png,4
1655,img_1655.png,5
1656,img_1656.png,6
1657,img_1657.png,5
1658,img_1658.png,7
1659,img_1659.png,7
1660,img_1660.png,1
1661,img_1661.png,3
1662,img_1662.png,3
1663,img_1663.png,7
1664,img_1664.png,4
1665,img_1665.png,4
1666,img_1666.png,4
1667,img_1667.png,6
1668,img_1668.png,4
1669,img_1669.png,3
1670,img_1670.png,1
1671,img_1671.png,7
1672,img_1672.png,2
1673,img_1673.png,4
1674,img_1674.png,3
1675,img_1675.png,6
1676,img_1676.png,5
1677,img_1677.png,5
1678,img_1678.png,3
1679,img_1679.png,3
1680,img_1680.png,2
1681,img_1681.png,1
1682,img_1682.png,7
1683,img_1683.png,2
1684,img_1684.png,6
1685,img_1685.png,1
1686,img_1686.png,5
1687,img_1687.png,3
1688,img_1688.png,2
1689,img_1689.png,4
1690,img_1690.png,5
1691,img_1691.png,3
1692,img_1692.png,7
1693,img_1693.png,6
1694,img_1694.png,3
1695,img_1695.png,1
1696,img_1696.png,7
1697,img_1697.png,4
1698,img_1698.png,7
1699,img_1699.png,2
1700,img_1700.png,3
1701,img_1701.png,7
1702,img_1702.png,7
1703,img_1703.png,2
1704,img_1704.png,7
1705,img_1705.png,5
1706,img_1706.png,1
1707,img_1707.png,7
1708,img_1708.png,6
1709,img_1709.png,1
1710,img_1710.png,2
1711,img_1711.png,4
1712,img_1712.png,2
1713,img_1713.png,5
1714,img_1714.png,7
1715,img_1715.png,3
1716,img_1716.png,3
1717,img_1717.png,5
1718,img_1718.png,6
1719,img_1719.png,6
1720,img_1720.png,1
1721,img_1721.png,7
1722,img_1722.png,3
1723,img_1723.png,6
1724,img_1724.png,4
1725,img_1725.png,2
1726,img_1726.png,3
1727,img_1727.png,5
1728,img_1728.png,3
1729,img_1729.png,4
1730,img_1730.png,7
1731,img_1731.png,3
1732,img_1732.png,4
1733,img_1733.png,3
1734,img_1734.png,5
1735,img_1735.png,4
1736,img_1736.png,1
1737,img_1737.png,5
1738,img_1738.png,5
1739,img_1739.png,5
1740,img_1740.png,4
1741,img_1741.png,6
1742,img_1742.png,2
1743,img_1743.png,6
1744,img_1744.png,6
1745,img_1745.png,2
1746,img_1746.png,2
1747,img_1747.png,6
1748,img_1748.png,1
1749,img_1749.png,3
1750,img_1750.png,7
1751,img_1751.png,6
1752,img_1752.png,6
1753,img_1753.png,2
1754,img_1754.png,6
1755,img_1755.png,6
1756,img_1756.png,7
1757,img_1757.png,7
1758,img_1758.png,6
1759,img_1759.png,4
1760,img_1760.png,6
1761,img_1761.png,5
1762,img_1762.png,2
1763,img_1763.png,4
1764,img_1764.png,7
1765,img_1765.png,1
1766,img_1766.png,7
1767,img_1767.png,3
1768,img_1768.png,4
1769,img_1769.png,2
1770,img_1770.png,5
1771,img_1771.png,5
1772,img_1772.png,1
1773,img_1773.png,6
1774,img_1774.png,1
1775,img_1775.png,5
1776,img_1776.png,4
1777,img_1777.png,2
1778,img_1778.png,4
1779,img_1779.png,1
1780,img_1780.png,5
1781,img_1781.png,4
1782,img_1782.png,3
1783,img_1783.png,4
1784,img_1784.png,1
1785,img_1785.png,3
1786,img_1786.png,3
1787,img_1787.png,4
1788,img_1788.png,5
1789,img_1789.png,1
1790,img_1790.png,4
1791,img_1791.png,2
1792,img_1792.png,1
1793,img_1793.png,4
1794,img_1794.png,3
1795,img_1795.png,3
1796,img_1796.png,6
1797,img_1797.png,2
1798,img_1798.png,3
1799,img_1799.png,4
1800,img_1800.png,2
1801,img_1801.png,1
1802,img_1802.png,4
1803,img_1803.png,7
1804,img_1804.png,2
1805,img_1805.png,3
1806,img_1806.png,7
1807,img_1807.png,3
1808,img_1808.png,6
1809,img_1809.png,7
1810,img_1810.png,6
1811,img_1811.png,6
1812,img_1812.png,5
1813,img_1813.png,2
1814,img_1814.png,7
1815,img_1815.png,1
1816,img_1816.png,1
1817,img_1817.png,1
1818,img_1818.png,3
1819,img_1819.png,4
1820,img_1820.png,4
1821,img_1821.png,6
1822,img_1822.png,7
1823,img_1823.png,7
1824,img_1824.png,6
1825,img_1825.png,7
1826,img_1826.png,4
1827,img_1827.png,5
1828,img_1828.png,5
1829,img_1829.png,6
1830,img_1830.png,2
1831,img_1831.png,7
1832,img_1832.png,7
1833,img_1833.png,4
1834,img_1834.png,1
1835,img_1835.png,6
1836,img_1836.png,6
1837,img_1837.png,6
1838,img_1838.png,6
1839,img_1839.png,4
1840,img_1840.png,1
1841,img_1841.png,2
1842,img_1842.png,2
1843,img_1843.png,3
1844,img_1844.png,2
1845,img_1845.png,4
1846,img_1846.png,6
1847,img_1847.png,2
1848,img_1848.png,2
1849,img_1849.png,3
1850,img_1850.png,4
1851,img_1851.png,4
1852,img_1852.png,1
1853,img_1853.png,1
1854,img_1854.png,5
1855,img_1855.png,7
1856,img_1856.png,1
1857,img_1857.png,5
1858,img_1858.png,6
1859,img_1859.png,1
1860,img_1860.png,4
1861,img_1861.png,1
1862,img_1862.png,6
1863,img_1863.png,3
1864,img_1864.png,5
1865,img_1865.png,7
1866,img_1866.png,5
1867,img_1867.png,6
1868,img_1868.png,1
1869,img_1869.png,6
1870,img_1870.png,5
1871,img_1871.png,1
1872,img_1872.png,2
1873,img_1873.png,6
1874,img_1874.png,6
1875,img_1875.png,4
1876,img_1876.png,7
1877,img_1877.png,4
1878,img_1878.png,3
1879,img_1879.png,4
1880,img_1880.png,6
1881,img_1881.png,5
1882,img_1882.png,1
1883,img_1883.png,4
1884,img_1884.png,3
1885,img_1885.png,4
1886,img_1886.png,2
1887,img_1887.png,4
1888,img_1888.png,4
1889,img_1889.png,4
1890,img_1890.png,6
1891,img_1891.png,5
1892,img_1892.png,5
1893,img_1893.png,5
1894,img_1894.png,4
1895,img_1895.png,1
1896,img_1896.png,6
1897,img_1897.png,1
1898,img_1898.png,4
1899,img_1899.png,4
1900,img_1900.png,6
1901,img_1901.png,7
1902,img_1902.png,4
1903,img_1903.png,1
1904,img_1904.png,6
1905,img_1905.png,6
1906,img_1906.png,7
1907,img_1907.png,5
1908,img_1908.png,6
1909,img_1909.png,3
1910,img_1910.png,6
1911,img_1911.png,5
1912,img_1912.png,2
1913,img_1913.png,4
1914,img_1914.png,1
1915,img_1915.png,5
1916,img_1916.png,7
1917,img_1917.png,2
1918,img_1918.png,6
1919,img_1919.png,2
1920,img_1920.png,5
1921,img_1921.png,5
1922,img_1922.png,3
1923,img_1923.png,3
1924,img_1924.png,5
1925,img_1925.png,1
1926,img_1926.png,4
1927,img_1927.png,6
1928,img_1928.png,7
1929,img_1929.png,7
1930,img_1930.png,6
1931,img_1931.png,6
1932,img_1932.png,5
1933,img_1933.png,3
1934,img_1934.png,5
1935,img_1935.png,7
1936,img_1936.png,1
1937,img_1937.png,5
1938,img_1938.png,4
1939,img_1939.png,2
1940,img_1940.png,2
1941,img_1941.png,1
1942,img_1942.png,5
1943,img_1943.png,6
1944,img_1944.png,2
1945,img_1945.png,5
1946,img_1946.png,2
1947,img_1947.png,4
1948,img_1948.png,2
1949,img_1949.png,1
1950,img_1950.png,4
1951,img_1951.png,3
1952,img_1952.png,2
1953,img_1953.png,2
1954,img_1954.png,2
1955,img_1955.png,2
1956,img_1956.png,6
1957,img_1957.png,2
1958,img_1958.png,7
1959,img_1959.png,4
1960,img_1960.png,7
1961,img_1961.png,6
1962,img_1962.png,3
1963,img_1963.png,3
1964,img_1964.png,2
1965,img_1965.png,5
1966,img_1966.png,3
1967,img_1967.png,2
1968,img_1968.png,2
1969,img_1969.png,7
1970,img_1970.png,4
1971,img_1971.png,4
1972,img_1972.png,3
1973,img_1973.png,2
1974,img_1974.png,3
1975,img_1975.png,4
1976,img_1976.png,5
1977,img_1977.png,5
1978,img_1978.png,3
1979,img_1979.png,1
1980,img_1980.png,2
1981,img_1981.png,1
1982,img_1982.png,2
1983,img_1983.png,1
1984,img_1984.png,4
1985,img_1985.png,4
1986,img_1986.png,1
1987,img_1987.png,4
1988,img_1988.png,4
1989,img_1989.png,5
1990,img_1990.png,6
1991,img_1991.png,7
1992,img_1992.png,2
1993,img_1993.png,1
1994,img_1994.png,7
1995,img_1995.png,4
1996,img_1996.png,2
1997,img_1997.png,2
1998,img_1998.png,2
1999,img_1999.png,5
2000,img_2000.png,3
2001,img_2001.png,4
2002,img_2002.png,4
2003,img_2003.png,3
2004,img_2004.png,3
2005,img_2005.png,1
2006,img_2006.png,3
2007,img_2007.png,3
2008,img_2008.png,7
2009,img_2009.png,7
2010,img_2010.png,2
2011,img_2011.png,5
2012,img_2012.png,4
2013,img_2013.png,2
2014,img_2014.png,7
2015,img_2015.png,5
2016,img_2016.png,1
2017,img_2017.png,2
2018,img_2018.png,4
2019,img_2019.png,3
2020,img_2020.png,6
2021,img_2021.png,5
2022,img_2022.png,7
2023,img_2023.png,2
2024,img_2024.png,6
2025,img_2025.png,3
2026,img_2026.png,4
2027,img_2027.png,2
2028,img_2028.png,6
2029,img_2029.png,3
2030,img_2030.png,6
2031,img_2031.png,7
2032,img_2032.png,1
2033,img_2033.png,3
2034,img_2034.png,1
2035,img_2035.png,7
2036,img_2036.png,2
2037,img_2037.png,2
2038,img_2038.png,6
2039,img_2039.png,3
2040,img_2040.png,5
2041,img_2041.png,1
2042,img_2042.png,2
2043,img_2043.png,3
2044,img_2044.png,5
2045,img_2045.png,4
2046,img_2046.png,6
2047,img_2047.png,6
2048,img_2048.png,5
2049,img_2049.png,2
2050,img_2050.png,1
2051,img_2051.png,5
2052,img_2052.png,7
2053,img_2053.png,3
2054,img_2054.png,2
2055,img_2055.png,3
2056,img_2056.png,7
2057,img_2057.png,3
2058,img_2058.png,3
2059,img_2059.png,2
2060,img_2060.png,4
2061,img_2061.png,4
2062,img_2062.png,6
2063,img_2063.png,1
2064,img_2064.png,5
2065,img_2065.png,5
2066,img_2066.png,6
2067,img_2067.png,4
2068,img_2068.png,6
2069,img_2069.png,3
2070,img_2070.png,7
2071,img_2071.png,3
2072,img_2072.png,5
2073,img_2073.png,5
2074,img_2074.png,7
2075,img_2075.png,2
2076,img_2076.png,6
2077,img_2077.png,7
2078,img_2078.png,2
2079,img_2079.png,3
2080,img_2080.png,5
2081,img_2081.png,7
2082,img_2082.png,5
2083,img_2083.png,6
2084,img_2084.png,7
2085,img_2085.png,2
2086,img_2086.png,6
2087,img_2087.png,6
2088,img_2088.png,6
2089,img_2089.png,3
2090,img_2090.png,7
2091,img_2091.png,4
2092,img_2092.png,1
2093,img_2093.png,7
2094,img_2094.png,1
2095,img_2095.png,4
2096,img_2096.png,4
2097,img_2097.png,7
2098,img_2098.png,7
2099,img_2099.png,3
2100,img_2100.png,4
2101,img_2101.png,6
2102,img_2102.png,4
2103,img_2103.png,3
2104,img_2104.png,2
2105,img_2105.png,6
2106,img_2106.png,3
2107,img_2107.png,3
2108,img_2108.png,3
2109,img_2109.png,2
2110,img_2110.png,4
2111,img_2111.png,1
2112,img_2112.png,5
2113,img_2113.png,2
2114,img_2114.png,3
2115,img_2115.png,4
2116,img_2116.png,6
2117,img_2117.png,7
2118,img_2118.png,6
2119,img_2119.png,7
2120,img_2120.png,2
2121,img_2121.png,1
2122,img_2122.png,4
2123,img_2123.png,3
2124,img_2124.png,5
2125,img_2125.png,2
2126,img_2126.png,6
2127,img_2127.png,7
2128,img_2128.png,4
2129,img_2129.png,3
2130,img_2130.png,4
2131,img_2131.png,1
2132,img_2132.png,6
2133,img_2133.png,6
2134,img_2134.png,4
2135,img_2135.png,5
2136,img_2136.png,3
2137,img_2137.png,1
2138,img_2138.png,1
2139,img_2139.png,2
2140,img_2140.png,4
2141,img_2141.png,6
2142,img_2142.png,7
2143,img_2143.png,1
2144,img_2144.png,3
2145,img_2145.png,1
2146,img_2146.png,2
2147,img_2147.png,7
2148,img_2148.png,5
2149,img_2149.png,3
2150,img_2150.png,6
2151,img_2151.png,1
2152,img_2152.png,7
2153,img_2153.png,3
2154,img_2154.png,2
2155,img_2155.png,3
2156,img_2156.png,3
2157,img_2157.png,1
2158,img_2158.png,7
2159,img_2159.png,3
2160,img_2160.png,2
2161,img_2161.png,6
2162,img_2162.png,3
2163,img_2163.png,4
2164,img_2164.png,5
2165,img_2165.png,4
2166,img_2166.png,5
2167,img_2167.png,3
2168,img_2168.png,5
2169,img_2169.png,4
2170,img_2170.png,6
2171,img_2171.png,3
2172,img_2172.png,4
2173,img_2173.png,7
2174,img_2174.png,2
2175,img_2175.png,2
2176,img_2176.png,6
2177,img_2177.png,4
2178,img_2178.png,5
2179,img_2179.png,4
2180,img_2180.png,4
2181,img_2181.png,1
2182,img_2182.png,3
2183,img_2183.png,6
2184,img_2184.png,7
2185,img_2185.png,6
2186,img_2186.png,2
2187,img_2187.png,5
2188,img_2188.png,5
2189,img_2189.png,2
2190,img_2190.png,5
2191,img_2191.png,2
2192,img_2192.png,6
2193,img_2193.png,1
2194,img_2194.png,4
2195,img_2195.png,2
2196,img_2196.png,2
2197,img_2197.png,4
2198,img_2198.png,4
2199,img_2199.png,2
2200,img_2200.png,4
2201,img_2201.png,1
2202,img_2202.png,4
2203,img_2203.png,5
2204,img_2204.png,7
2205,img_2205.png,5
2206,img_2206.png,1
2207,img_2207.png,5
2208,img_2208.png,1
2209,img_2209.png,2
2210,img_2210.png,2
2211,img_2211.png,1
2212,img_2212.png,7
2213,img_2213.png,6
2214,img_2214.png,7
2215,img_2215.png,4
2216,img_2216.png,5
2217,img_2217.png,7
2218,img_2218.png,5
2219,img_2219.png,5
2220,img_2220.png,2
2221,img_2221.png,1
2222,img_2222.png,6
2223,img_2223.png,1
2224,img_2224.png,4
2225,img_2225.png,6
2226,img_2226.png,2
2227,img_2227.png,6
2228,img_2228.png,2
2229,img_2229.png,6
2230,img_2230.png,5
2231,img_2231.png,3
2232,img_2232.png,7
2233,img_2233.png,1
2234,img_2234.png,4
2235,img_2235.png,1
2236,img_2236.png,7
2237,img_2237.png,3
2238,img_2238.png,4
2239,img_2239.png,1
2240,img_2240.png,4
2241,img_2241.png,5
2242,img_2242.png,4
2243,img_2243.png,1
2244,img_2244.png,1
2245,img_2245.png,2
2246,img_2246.png,1
2247,img_2247.png,5
2248,img_2248.png,3
2249,img_2249.png,4
2250,img_2250.png,2
2251,img_2251.png,5
2252,img_2252.png,1
2253,img_2253.png,6
2254,img_2254.png,2
2255,img_2255.png,4
2256,img_2256.png,6
2257,img_2257.png,3
2258,img_2258.png,1
2259,img_2259.png,3
2260,img_2260.png,6
2261,img_2261.png,6
2262,img_2262.png,6
2263,img_2263.png,6
2264,img_2264.png,2
2265,img_2265.png,1
2266,img_2266.png,1
2267,img_2267.png,7
2268,img_2268.png,7
2269,img_2269.png,7
2270,img_2270.png,3
2271,img_2271.png,1
2272,img_2272.png,2
2273,img_2273.png,2
2274,img_2274.png,3
2275,img_2275.png,5
2276,img_2276.png,3
2277,img_2277.png,7
2278,img_2278.png,6
2279,img_2279.png,7
2280,img_2280.png,5
2281,img_2281.png,2
2282,img_2282.png,6
2283,img_2283.png,7
2284,img_2284.png,1
2285,img_2285.png,6
2286,img_2286.png,5
2287,img_2287.png,2
2288,img_2288.png,1
2289,img_2289.png,4
2290,img_2290.png,6
2291,img_2291.png,4
2292,img_2292.png,1
2293,img_2293.png,1
2294,img_2294.png,2
2295,img_2295.png,1
2296,img_2296.png,5
2297,img_2297.png,2
2298,img_2298.png,5
2299,img_2299.png,3
2300,img_2300.png,5
2301,img_2301.png,2
2302,img_2302.png,6
2303,img_2303.png,3
2304,img_2304.png,1
2305,img_2305.png,7
2306,img_2306.png,3
2307,img_2307.png,2
2308,img_2308.png,6
2309,img_2309.png,7
2310,img_2310.png,3
2311,img_2311.png,6
2312,img_2312.png,5
2313,img_2313.png,1
2314,img_2314.png,1
2315,img_2315.png,5
2316,img_2316.png,4
2317,img_2317.png,2
2318,img_2318.png,6
2319,img_2319.png,5
2320,img_2320.png,4
2321,img_2321.png,5
2322,img_2322.png,6
2323,img_2323.png,2
2324,img_2324.png,3
2325,img_2325.png,4
2326,img_2326.png,7
2327,img_2327.png,1
2328,img_2328.png,1
2329,img_2329.png,3
2330,img_2330.png,7
2331,img_2331.png,3
2332,img_2332.png,3
2333,img_2333.png,5
2334,img_2334.png,3
2335,img_2335.png,7
2336,img_2336.png,2
2337,img_2337.png,4
2338,img_2338.png,2
2339,img_2339.png,6
2340,img_2340.png,2
2341,img_2341.png,7
2342,img_2342.png,7
2343,img_2343.png,4
2344,img_2344.png,7
2345,img_2345.png,5
2346,img_2346.png,5
2347,img_2347.png,1
2348,img_2348.png,2
2349,img_2349.png,1
2350,img_2350.png,2
2351,img_2351.png,3
2352,img_2352.png,3
2353,img_2353.png,6
2354,img_2354.png,7
2355,img_2355.png,3
2356,img_2356.png,6
2357,img_2357.png,6
2358,img_2358.png,1
2359,img_2359.png,5
2360,img_2360.png,4
2361,img_2361.png,4
2362,img_2362.png,7
2363,img_2363.png,3
2364,img_2364.png,1
2365,img_2365.png,4
2366,img_2366.png,5
2367,img_2367.png,4
2368,img_2368.png,2
2369,img_2369.png,5
2370,img_2370.png,5
2371,img_2371.png,4
2372,img_2372.png,7
2373,img_2373.png,4
2374,img_2374.png,3
2375,img_2375.png,2
2376,img_2376.png,5
2377,img_2377.png,6
2378,img_2378.png,4
2379,img_2379.png,3
2380,img_2380.png,3
2381,img_2381.png,4
2382,img_2382.png,2
2383,img_2383.png,6
2384,img_2384.png,2
2385,img_2385.png,6
2386,img_2386.png,3
2387,img_2387.png,6
2388,img_2388.png,6
2389,img_2389.png,7
2390,img_2390.png,2
2391,img_2391.png,2
2392,img_2392.png,3
2393,img_2393.png,4
2394,img_2394.png,2
2395,img_2395.png,1
2396,img_2396.png,4
2397,img_2397.png,4
2398,img_2398.png,6
2399,img_2399.png,2
2400,img_2400.png,2
2401,img_2401.png,4
2402,img_2402.png,2
2403,img_2403.png,5
2404,img_2404.png,2
2405,img_2405.png,1
2406,img_2406.png,2
2407,img_2407.png,7
2408,img_2408.png,2
2409,img_2409.png,7
2410,img_2410.png,4
2411,img_2411.png,2
2412,img_2412.png,5
2413,img_2413.png,5
2414,img_2414.png,2
2415,img_2415.png,1
2416,img_2416.png,5
2417,img_2417.png,5
2418,img_2418.png,7
2419,img_2419.png,4
2420,img_2420.png,1
2421,img_2421.png,7
2422,img_2422.png,2
2423,img_2423.png,4
2424,img_2424.png,7
2425,img_2425.png,3
2426,img_2426.png,1
2427,img_2427.png,6
2428,img_2428.png,5
2429,img_2429.png,6
2430,img_2430.png,3
2431,img_2431.png,5
2432,img_2432.png,7
2433,img_2433.png,2
2434,img_2434.png,7
2435,img_2435.png,7
2436,img_2436.png,7
2437,img_2437.png,5
2438,img_2438.png,2
2439,img_2439.png,7
2440,img_2440.png,4
2441,img_2441.png,1
2442,img_2442.png,2
2443,img_2443.png,6
2444,img_2444.png,1
2445,img_2445.png,6
2446,img_2446.png,2
2447,img_2447.png,5
2448,img_2448.png,7
2449,img_2449.png,5
2450,img_2450.png,4
2451,img_2451.png,3
2452,img_2452.png,6
2453,img_2453.png,3
2454,img_2454.png,3
2455,img_2455.png,5
2456,img_2456.png,5
2457,img_2457.png,2
2458,img_2458.png,5
2459,img_2459.png,5
2460,img_2460.png,5
2461,img_2461.png,7
2462,img_2462.png,4
2463,img_2463.png,6
2464,img_2464.png,5
2465,img_2465.png,7
2466,img_2466.png,7
2467,img_2467.png,6
2468,img_2468.png,3
2469,img_2469.png,3
2470,img_2470.png,6
2471,img_2471.png,3
2472,img_2472.png,7
2473,img_2473.png,5
2474,img_2474.png,2
2475,img_2475.png,2
2476,img_2476.png,3
2477,img_2477.png,5
2478,img_2478.png,7
2479,img_2479.png,3
2480,img_2480.png,7
2481,img_2481.png,7
2482,img_2482.png,5
2483,img_2483.png,1
2484,img_2484.png,4
2485,img_2485.png,7
2486,img_2486.png,6
2487,img_2487.png,4
2488,img_2488.png,3
2489,img_2489.png,5
2490,img_2490.png,2
2491,img_2491.png,4
2492,img_2492.png,3
2493,img_2493.png,1
2494,img_2494.png,2
2495,img_2495.png,1
2496,img_2496.png,7
2497,img_2497.png,4
2498,img_2498.png,6
2499,img_2499.png,6
2500,img_2500.png,2
2501,img_2501.png,5
2502,img_2502.png,6
2503,img_2503.png,6
2504,img_2504.png,6
2505,img_2505.png,1
2506,img_2506.png,6
2507,img_2507.png,3
2508,img_2508.png,6
2509,img_2509.png,2
2510,img_2510.png,2
2511,img_2511.png,4
2512,img_2512.png,3
2513,img_2513.png,1
2514,img_2514.png,4
2515,img_2515.png,3
2516,img_2516.png,6
2517,img_2517.png,3
2518,img_2518.png,6
2519,img_2519.png,7
2520,img_2520.png,3
2521,img_2521.png,5
2522,img_2522.png,1
2523,img_2523.png,1
2524,img_2524.png,7
2525,img_2525.png,6
2526,img_2526.png,2
2527,img_2527.png,7
2528,img_2528.png,6
2529,img_2529.png,5
2530,img_2530.png,5
2531,img_2531.png,7
2532,img_2532.png,3
2533,img_2533.png,6
2534,img_2534.png,1
2535,img_2535.png,5
2536,img_2536.png,5
2537,img_2537.png,7
2538,img_2538.png,5
2539,img_2539.png,4
2540,img_2540.png,7
2541,img_2541.png,7
2542,img_2542.png,3
2543,img_2543.png,7
2544,img_2544.png,3
2545,img_2545.png,4
2546,img_2546.png,1
2547,img_2547.png,1
2548,img_2548.png,2
2549,img_2549.png,4
2550,img_2550.png,6
2551,img_2551.png,1
2552,img_2552.png,2
2553,img_2553.png,3
2554,img_2554.png,4
2555,img_2555.png,7
2556,img_2556.png,3
2557,img_2557.png,5
2558,img_2558.png,3
2559,img_2559.png,4
2560,img_2560.png,2
2561,img_2561.png,4
2562,img_2562.png,1
2563,img_2563.png,7
2564,img_2564.png,5
2565,img_2565.png,2
2566,img_2566.png,7
2567,img_2567.png,6
2568,img_2568.png,4
2569,img_2569.png,6
2570,img_2570.png,7
2571,img_2571.png,7
2572,img_2572.png,1
2573,img_2573.png,6
2574,img_2574.png,6
2575,img_2575.png,3
2576,img_2576.png,3
2577,img_2577.png,6
2578,img_2578.png,6
2579,img_2579.png,7
2580,img_2580.png,7
2581,img_2581.png,5
2582,img_2582.png,1
2583,img_2583.png,1
2584,img_2584.png,6
2585,img_2585.png,5
2586,img_2586.png,7
2587,img_2587.png,7
2588,img_2588.png,5
2589,img_2589.png,5
2590,img_2590.png,5
2591,img_2591.png,7
2592,img_2592.png,1
2593,img_2593.png,2
2594,img_2594.png,1
2595,img_2595.png,3
2596,img_2596.png,7
2597,img_2597.png,5
2598,img_2598.png,5
2599,img_2599.png,6
2600,img_2600.png,4
2601,img_2601.png,7
2602,img_2602.png,1
2603,img_2603.png,1
2604,img_2604.png,2
2605,img_2605.png,2
2606,img_2606.png,5
2607,img_2607.png,3
2608,img_2608.png,3
2609,img_2609.png,6
2610,img_2610.png,4
2611,img_2611.png,4
2612,img_2612.png,3
2613,img_2613.png,5
2614,img_2614.png,7
2615,img_2615.png,2
2616,img_2616.png,5
2617,img_2617.png,6
2618,img_2618.png,7
2619,img_2619.png,2
2620,img_2620.png,6
2621,img_2621.png,4
2622,img_2622.png,6
2623,img_2623.png,5
2624,img_2624.png,6
2625,img_2625.png,4
2626,img_2626.png,5
2627,img_2627.png,5
2628,img_2628.png,3
2629,img_2629.png,7
2630,img_2630.png,2
2631,img_2631.png,7
2632,img_2632.png,5
2633,img_2633.png,6
2634,img_2634.png,4
2635,img_2635.png,5
2636,img_2636.png,7
2637,img_2637.png,3
2638,img_2638.png,5
2639,img_2639.png,4
2640,img_2640.png,4
2641,img_2641.png,2
2642,img_2642.png,7
2643,img_2643.png,6
2644,img_2644.png,7
2645,img_2645.png,2
2646,img_2646.png,2
2647,img_2647.png,5
2648,img_2648.png,3
2649,img_2649.png,7
2650,img_2650.png,7
2651,img_2651.png,4
2652,img_2652.png,5
2653,img_2653.png,4
2654,img_2654.png,2
2655,img_2655.png,3
2656,img_2656.png,6
2657,img_2657.png,6
2658,img_2658.png,7
2659,img_2659.png,6
2660,img_2660.png,4
2661,img_2661.png,5
2662,img_2662.png,7
2663,img_2663.png,4
2664,img_2664.png,6
2665,img_2665.png,4
2666,img_2666.png,6
2667,img_2667.png,2
2668,img_2668.png,7
2669,img_2669.png,1
2670,img_2670.png,2
2671,img_2671.png,4
2672,img_2672.png,1
2673,img_2673.png,6
2674,img_2674.png,3
2675,img_2675.png,7
2676,img_2676.png,6
2677,img_2677.png,3
2678,img_2678.png,6
2679,img_2679.png,4
2680,img_2680.png,7
2681,img_2681.png,1
2682,img_2682.png,5
2683,img_2683.png,4
2684,img_2684.png,1
2685,img_2685.png,5
2686,img_2686.png,6
2687,img_2687.png,5
2688,img_2688.png,5
2689,img_2689.png,3
2690,img_2690.png,7
2691,img_2691.png,6
2692,img_2692.png,1
2693,img_2693.png,4
2694,img_2694.png,3
2695,img_2695.png,5
2696,img_2696.png,4
2697,img_2697.png,4
2698,img_2698.png,6
2699,img_2699.png,5
2700,img_2700.png,5
2701,img_2701.png,1
2702,img_2702.png,7
2703,img_2703.png,7
2704,img_2704.png,4
2705,img_2705.png,2
2706,img_2706.png,7
2707,img_2707.png,3
2708,img_2708.png,7
2709,img_2709.png,3
2710,img_2710.png,5
2711,img_2711.png,6
2712,img_2712.png,6
2713,img_2713.png,1
2714,img_2714.png,5
2715,img_2715.png,6
2716,img_2716.png,5
2717,img_2717.png,3
2718,img_2718.png,2
2719,img_2719.png,4
2720,img_2720.png,3
2721,img_2721.png,4
2722,img_2722.png,7
2723,img_2723.png,1
2724,img_2724.png,5
2725,img_2725.png,3
2726,img_2726.png,1
2727,img_2727.png,6
2728,img_2728.png,7
2729,img_2729.png,1
2730,img_2730.png,2
2731,img_2731.png,7
2732,img_2732.png,1
2733,img_2733.png,5
2734,img_2734.png,7
2735,img_2735.png,5
2736,img_2736.png,3
2737,img_2737.png,3
2738,img_2738.png,1
2739,img_2739.png,5
2740,img_2740.png,5
2741,img_2741.png,1
2742,img_2742.png,2
2743,img_2743.png,2
2744,img_2744.png,4
2745,img_2745.png,5
2746,img_2746.png,2
2747,img_2747.png,3
2748,img_2748.png,2
2749,img_2749.png,4
2750,img_2750.png,3
2751,img_2751.png,4
2752,img_2752.png,1
2753,img_2753.png,2
2754,img_2754.png,2
2755,img_2755.png,7
2756,img_2756.png,3
2757,img_2757.png,1
2758,img_2758.png,5
2759,img_2759.png,3
2760,img_2760.png,4
2761,img_2761.png,2
2762,img_2762.png,3
2763,img_2763.png,2
2764,img_2764.png,2
2765,img_2765.png,5
2766,img_2766.png,5
2767,img_2767.png,7
2768,img_2768.png,2
2769,img_2769.png,5
2770,img_2770.png,5
2771,img_2771.png,1
2772,img_2772.png,2
2773,img_2773.png,7
2774,img_2774.png,1
2775,img_2775.png,5
2776,img_2776.png,2
2777,img_2777.png,7
2778,img_2778.png,1
2779,img_2779.png,5
2780,img_2780.png,2
2781,img_2781.png,5
2782,img_2782.png,6
2783,img_2783.png,2
2784,img_2784.png,4
2785,img_2785.png,3
2786,img_2786.png,3
2787,img_2787.png,2
2788,img_2788.png,6
2789,img_2789.png,4
2790,img_2790.png,4
2791,img_2791.png,1
2792,img_2792.png,3
2793,img_2793.png,3
2794,img_2794.png,3
2795,img_2795.png,7
2796,img_2796.png,6
2797,img_2797.png,5
2798,img_2798.png,2
2799,img_2799.png,1
2800,img_2800.png,5
2801,img_2801.png,2
2802,img_2802.png,3
2803,img_2803.png,6
2804,img_2804.png,1
2805,img_2805.png,7
2806,img_2806.png,6
2807,img_2807.png,6
2808,img_2808.png,3
2809,img_2809.png,4
2810,img_2810.png,3
2811,img_2811.png,4
2812,img_2812.png,5
2813,img_2813.png,2
2814,img_2814.png,5
2815,img_2815.png,5
2816,img_2816.png,3
2817,img_2817.png,3
2818,img_2818.png,7
2819,img_2819.png,7
2820,img_2820.png,4
2821,img_2821.png,6
2822,img_2822.png,3
2823,img_2823.png,2
2824,img_2824.png,2
2825,img_2825.png,7
2826,img_2826.png,1
2827,img_2827.png,7
2828,img_2828.png,2
2829,img_2829.png,6
2830,img_2830.png,4
2831,img_2831.png,6
2832,img_2832.png,1
2833,img_2833.png,1
2834,img_2834.png,4
2835,img_2835.png,4
2836,img_2836.png,5
2837,img_2837.png,4
2838,img_2838.png,4
2839,img_2839.png,4
2840,img_2840.png,4
2841,img_2841.png,4
2842,img_2842.png,2
2843,img_2843.png,5
2844,img_2844.png,7
2845,img_2845.png,1
2846,img_2846.png,2
2847,img_2847.png,2
2848,img_2848.png,6
2849,img_2849.png,4
2850,img_2850.png,4
2851,img_2851.png,4
2852,img_2852.png,3
2853,img_2853.png,2
2854,img_2854.png,7
2855,img_2855.png,3
2856,img_2856.png,1
2857,img_2857.png,5
2858,img_2858.png,4
2859,img_2859.png,4
2860,img_2860.png,5
2861,img_2861.png,6
2862,img_2862.png,1
2863,img_2863.png,7
2864,img_2864.png,6
2865,img_2865.png,2
2866,img_2866.png,2
2867,img_2867.png,2
2868,img_2868.png,6
2869,img_2869.png,4
2870,img_2870.png,1
2871,img_2871.png,6
2872,img_2872.png,2
2873,img_2873.png,5
2874,img_2874.png,3
2875,img_2875.png,3
2876,img_2876.png,3
2877,img_2877.png,6
2878,img_2878.png,2
2879,img_2879.png,3
2880,img_2880.png,1
2881,img_2881.png,5
2882,img_2882.png,4
2883,img_2883.png,2
2884,img_2884.png,1
2885,img_2885.png,4
2886,img_2886.png,6
2887,img_2887.png,3
2888,img_2888.png,6
2889,img_2889.png,2
2890,img_2890.png,3
2891,img_2891.png,3
2892,img_2892.png,2
2893,img_2893.png,5
2894,img_2894.png,6
2895,img_2895.png,5
2896,img_2896.png,6
2897,img_2897.png,1
2898,img_2898.png,6
2899,img_2899.png,7
2900,img_2900.png,6
2901,img_2901.png,6
2902,img_2902.png,6
2903,img_2903.png,2
2904,img_2904.png,7
2905,img_2905.png,7
2906,img_2906.png,3
2907,img_2907.png,7
2908,img_2908.png,4
2909,img_2909.png,4
2910,img_2910.png,2
2911,img_2911.png,3
2912,img_2912.png,3
2913,img_2913.png,5
2914,img_2914.png,1
2915,img_2915.png,6
2916,img_2916.png,4
2917,img_2917.png,1
2918,img_2918.png,7
2919,img_2919.png,2
2920,img_2920.png,3
2921,img_2921.png,1
2922,img_2922.png,6
2923,img_2923.png,7
2924,img_2924.png,5
2925,img_2925.png,4
2926,img_2926.png,6
2927,img_2927.png,5
2928,img_2928.png,7
2929,img_2929.png,2
2930,img_2930.png,3
2931,img_2931.png,4
2932,img_2932.png,2
2933,img_2933.png,3
2934,img_2934.png,3
2935,img_2935.png,2
2936,img_2936.png,2
2937,img_2937.png,5
2938,img_2938.png,6
2939,img_2939.png,3
2940,img_2940.png,6
2941,img_2941.png,4
2942,img_2942.png,7
2943,img_2943.png,1
2944,img_2944.png,3
2945,img_2945.png,1
2946,img_2946.png,6
2947,img_2947.png,3
2948,img_2948.png,3
2949,img_2949.png,1
2950,img_2950.png,2
2951,img_2951.png,4
2952,img_2952.png,6
2953,img_2953.png,7
2954,img_2954.png,7
2955,img_2955.png,7
2956,img_2956.png,7
2957,img_2957.png,1
2958,img_2958.png,7
2959,img_2959.png,1
2960,img_2960.png,7
2961,img_2961.png,5
2962,img_2962.png,4
2963,img_2963.png,7
2964,img_2964.png,1
2965,img_2965.png,1
2966,img_2966.png,1
2967,img_2967.png,4
2968,img_2968.png,5
2969,img_2969.png,7
2970,img_2970.png,6
2971,img_2971.png,4
2972,img_2972.png,4
2973,img_2973.png,5
2974,img_2974.png,1
2975,img_2975.png,6
2976,img_2976.png,7
2977,img_2977.png,4
2978,img_2978.png,3
2979,img_2979.png,1
2980,img_2980.png,2
2981,img_2981.png,4
2982,img_2982.png,3
2983,img_2983.png,3
2984,img_2984.png,1
2985,img_2985.png,7
2986,img_2986.png,3
2987,img_2987.png,5
2988,img_2988.png,1
2989,img_2989.png,6
2990,img_2990.png,7
2991,img_2991.png,7
2992,img_2992.png,7
2993,img_2993.png,5
2994,img_2994.png,2
2995,img_2995.png,3
2996,img_2996.png,3
2997,img_2997.png,3
2998,img_2998.png,5
2999,img_2999.png,3
3000,img_3000.png,3
3001,img_3001.png,7
3002,img_3002.png,7
3003,img_3003.png,6
3004,img_3004.png,6
3005,img_3005.png,6
3006,img_3006.png,2
3007,img_3007.png,3
3008,img_3008.png,3
3009,img_3009.png,2
3010,img_3010.png,7
3011,img_3011.png,3
3012,img_3012.png,6
3013,img_3013.png,1
3014,img_3014.png,7
3015,img_3015.png,5
3016,img_3016.png,2
3017,img_3017.png,2
3018,img_3018.png,4
3019,img_3019.png,3
3020,img_3020.png,3
3021,img_3021.png,1
3022,img_3022.png,2
3023,img_3023.png,7
3024,img_3024.png,1
3025,img_3025.png,3
3026,img_3026.png,1
3027,img_3027.png,6
3028,img_3028.png,5
3029,img_3029.png,3
3030,img_3030.png,1
3031,img_3031.png,4
3032,img_3032.png,5
3033,img_3033.png,3
3034,img_3034.png,3
3035,img_3035.png,4
3036,img_3036.png,2
3037,img_3037.png,1
3038,img_3038.png,4
3039,img_3039.png,4
3040,img_3040.png,2
3041,img_3041.png,4
3042,img_3042.png,5
3043,img_3043.png,6
3044,img_3044.png,7
3045,img_3045.png,6
3046,img_3046.png,5
3047,img_3047.png,2
3048,img_3048.png,6
3049,img_3049.png,1
3050,img_3050.png,3
3051,img_3051.png,4
3052,img_3052.png,3
3053,img_3053.png,6
3054,img_3054.png,6
3055,img_3055.png,1
3056,img_3056.png,5
3057,img_3057.png,4
3058,img_3058.png,2
3059,img_3059.png,5
3060,img_3060.png,4
3061,img_3061.png,2
3062,img_3062.png,7
3063,img_3063.png,2
3064,img_3064.png,3
3065,img_3065.png,4
3066,img_3066.png,6
3067,img_3067.png,5
3068,img_3068.png,5
3069,img_3069.png,5
3070,img_3070.png,4
3071,img_3071.png,6
3072,img_3072.png,3
3073,img_3073.png,5
3074,img_3074.png,1
3075,img_3075.png,2
3076,img_3076.png,5
3077,img_3077.png,2
3078,img_3078.png,2
3079,img_3079.png,6
3080,img_3080.png,6
3081,img_3081.png,1
3082,img_3082.png,7
3083,img_3083.png,1
3084,img_3084.png,7
3085,img_3085.png,7
3086,img_3086.png,2
3087,img_3087.png,4
3088,img_3088.png,3
3089,img_3089.png,1
3090,img_3090.png,6
3091,img_3091.png,2
3092,img_3092.png,5
3093,img_3093.png,3
3094,img_3094.png,3
3095,img_3095.png,5
3096,img_3096.png,6
3097,img_3097.png,1
3098,img_3098.png,1
3099,img_3099.png,7
3100,img_3100.png,6
3101,img_3101.png,5
3102,img_3102.png,4
3103,img_3103.png,7
3104,img_3104.png,1
3105,img_3105.png,4
3106,img_3106.png,2
3107,img_3107.png,7
3108,img_3108.png,4
3109,img_3109.png,3
3110,img_3110.png,1
3111,img_3111.png,7
3112,img_3112.png,5
3113,img_3113.png,5
3114,img_3114.png,1
3115,img_3115.png,3
3116,img_3116.png,6
3117,img_3117.png,2
3118,img_3118.png,5
3119,img_3119.png,2
3120,img_3120.png,3
3121,img_3121.png,5
3122,img_3122.png,4
3123,img_3123.png,4
3124,img_3124.png,7
3125,img_3125.png,7
3126,img_3126.png,4
3127,img_3127.png,5
3128,img_3128.png,7
3129,img_3129.png,2
3130,img_3130.png,2
3131,img_3131.png,6
3132,img_3132.png,3
3133,img_3133.png,6
3134,img_3134.png,4
3135,img_3135.png,3
3136,img_3136.png,1
3137,img_3137.png,2
3138,img_3138.png,4
3139,img_3139.png,4
3140,img_3140.png,2
3141,img_3141.png,4
3142,img_3142.png,3
3143,img_3143.png,5
3144,img_3144.png,4
3145,img_3145.png,4
3146,img_3146.png,6
3147,img_3147.png,3
3148,img_3148.png,6
3149,img_3149.png,7
3150,img_3150.png,2
3151,img_3151.png,4
3152,img_3152.png,7
3153,img_3153.png,5
3154,img_3154.png,5
3155,img_3155.png,1
3156,img_3156.png,7
3157,img_3157.png,1
3158,img_3158.png,5
3159,img_3159.png,6
3160,img_3160.png,7
3161,img_3161.png,5
3162,img_3162.png,1
3163,img_3163.png,1
3164,img_3164.png,6
3165,img_3165.png,4
3166,img_3166.png,5
3167,img_3167.png,2
3168,img_3168.png,7
3169,img_3169.png,3
3170,img_3170.png,1
3171,img_3171.png,6
3172,img_3172.png,4
3173,img_3173.png,5
3174,img_3174.png,6
3175,img_3175.png,4
3176,img_3176.png,4
3177,img_3177.png,2
3178,img_3178.png,4
3179,img_3179.png,4
3180,img_3180.png,4
3181,img_3181.png,2
3182,img_3182.png,1
3183,img_3183.png,5
3184,img_3184.png,4
3185,img_3185.png,2
3186,img_3186.png,6
3187,img_3187.png,5
3188,img_3188.png,2
3189,img_3189.png,5
3190,img_3190.png,3
3191,img_3191.png,1
3192,img_3192.png,7
3193,img_3193.png,5
3194,img_3194.png,1
3195,img_3195.png,3
3196,img_3196.png,7
3197,img_3197.png,5
3198,img_3198.png,2
3199,img_3199.png,2
3200,img_3200.png,5
3201,img_3201.png,4
3202,img_3202.png,3
3203,img_3203.png,7
3204,img_3204.png,3
3205,img_3205.png,6
3206,img_3206.png,1
3207,img_3207.png,1
3208,img_3208.png,6
3209,img_3209.png,4
3210,img_3210.png,1
3211,img_3211.png,5
3212,img_3212.png,7
3213,img_3213.png,7
3214,img_3214.png,2
3215,img_3215.png,4
3216,img_3216.png,5
3217,img_3217.png,3
3218,img_3218.png,3
3219,img_3219.png,3
3220,img_3220.png,7
3221,img_3221.png,7
3222,img_3222.png,3
3223,img_3223.png,1
3224,img_3224.png,3
3225,img_3225.png,7
3226,img_3226.png,6
3227,img_3227.png,3
3228,img_3228.png,7
3229,img_3229.png,1
3230,img_3230.png,2
3231,img_3231.png,7
3232,img_3232.png,1
3233,img_3233.png,3
3234,img_3234.png,4
3235,img_3235.png,3
3236,img_3236.png,6
3237,img_3237.png,4
3238,img_3238.png,3
3239,img_3239.png,6
3240,img_3240.png,4
3241,img_3241.png,4
3242,img_3242.png,6
3243,img_3243.png,4
3244,img_3244.png,5
3245,img_3245.png,6
3246,img_3246.png,3
3247,img_3247.png,6
3248,img_3248.png,7
3249,img_3249.png,7
3250,img_3250.png,3
3251,img_3251.png,7
3252,img_3252.png,6
3253,img_3253.png,6
3254,img_3254.png,3
3255,img_3255.png,1
3256,img_3256.png,7
3257,img_3257.png,6
3258,img_3258.png,7
3259,img_3259.png,2
3260,img_3260.png,1
3261,img_3261.png,3
3262,img_3262.png,4
3263,img_3263.png,6
3264,img_3264.png,5
3265,img_3265.png,1
3266,img_3266.png,5
3267,img_3267.png,2
3268,img_3268.png,2
3269,img_3269.png,1
3270,img_3270.png,5
3271,img_3271.png,3
3272,img_3272.png,1
3273,img_3273.png,3
3274,img_3274.png,2
3275,img_3275.png,1
3276,img_3276.png,4
3277,img_3277.png,1
3278,img_3278.png,7
3279,img_3279.png,4
3280,img_3280.png,6
3281,img_3281.png,2
3282,img_3282.png,5
3283,img_3283.png,2
3284,img_3284.png,6
3285,img_3285.png,2
3286,img_3286.png,5
3287,img_3287.png,2
3288,img_3288.png,5
3289,img_3289.png,1
3290,img_3290.png,7
3291,img_3291.png,4
3292,img_3292.png,6
3293,img_3293.png,6
3294,img_3294.png,5
3295,img_3295.png,7
3296,img_3296.png,1
3297,img_3297.png,2
3298,img_3298.png,4
3299,img_3299.png,4
3300,img_3300.png,7
3301,img_3301.png,4
3302,img_3302.png,3
3303,img_3303.png,5
3304,img_3304.png,7
3305,img_3305.png,4
3306,img_3306.png,7
3307,img_3307.png,6
3308,img_3308.png,2
3309,img_3309.png,7
3310,img_3310.png,6
3311,img_3311.png,2
3312,img_3312.png,2
3313,img_3313.png,1
3314,img_3314.png,6
3315,img_3315.png,2
3316,img_3316.png,6
3317,img_3317.png,5
3318,img_3318.png,3
3319,img_3319.png,4
3320,img_3320.png,3
3321,img_3321.png,4
3322,img_3322.png,3
3323,img_3323.png,4
3324,img_3324.png,2
3325,img_3325.png,7
3326,img_3326.png,3
3327,img_3327.png,3
3328,img_3328.png,4
3329,img_3329.png,1
3330,img_3330.png,6
3331,img_3331.png,3
3332,img_3332.png,4
3333,img_3333.png,3
3334,img_3334.png,4
3335,img_3335.png,2
3336,img_3336.png,1
3337,img_3337.png,4
3338,img_3338.png,6
3339,img_3339.png,3
3340,img_3340.png,1
3341,img_3341.png,6
3342,img_3342.png,5
3343,img_3343.png,4
3344,img_3344.png,2
3345,img_3345.png,4
3346,img_3346.png,5
3347,img_3347.png,3
3348,img_3348.png,3
3349,img_3349.png,3
3350,img_3350.png,1
3351,img_3351.png,4
3352,img_3352.png,2
3353,img_3353.png,5
3354,img_3354.png,6
3355,img_3355.png,4
3356,img_3356.png,2
3357,img_3357.png,2
3358,img_3358.png,7
3359,img_3359.png,1
3360,img_3360.png,1
3361,img_3361.png,5
3362,img_3362.png,1
3363,img_3363.png,1
3364,img_3364.png,7
3365,img_3365.png,7
3366,img_3366.png,5
3367,img_3367.png,3
3368,img_3368.png,4
3369,img_3369.png,4
3370,img_3370.png,1
3371,img_3371.png,6
3372,img_3372.png,5
3373,img_3373.png,4
3374,img_3374.png,5
3375,img_3375.png,6
3376,img_3376.png,5
3377,img_3377.png,5
3378,img_3378.png,5
3379,img_3379.png,2
3380,img_3380.png,4
3381,img_3381.png,3
3382,img_3382.png,3
3383,img_3383.png,4
3384,img_3384.png,6
3385,img_3385.png,3
3386,img_3386.png,4
3387,img_3387.png,1
3388,img_3388.png,3
3389,img_3389.png,4
3390,img_3390.png,5
3391,img_3391.png,2
3392,img_3392.png,7
3393,img_3393.png,3
3394,img_3394.png,6
3395,img_3395.png,4
3396,img_3396.png,6
3397,img_3397.png,5
3398,img_3398.png,3
3399,img_3399.png,3
3400,img_3400.png,2
3401,img_3401.png,6
3402,img_3402.png,2
3403,img_3403.png,1
3404,img_3404.png,1
3405,img_3405.png,1
3406,img_3406.png,4
3407,img_3407.png,6
3408,img_3408.png,5
3409,img_3409.png,1
3410,img_3410.png,6
3411,img_3411.png,6
3412,img_3412.png,2
3413,img_3413.png,3
3414,img_3414.png,5
3415,img_3415.png,4
3416,img_3416.png,4
3417,img_3417.png,6
3418,img_3418.png,7
3419,img_3419.png,2
3420,img_3420.png,2
3421,img_3421.png,1
3422,img_3422.png,6
3423,img_3423.png,6
3424,img_3424.png,2
3425,img_3425.png,2
3426,img_3426.png,3
3427,img_3427.png,3
3428,img_3428.png,3
3429,img_3429.png,3
3430,img_3430.png,6
3431,img_3431.png,1
3432,img_3432.png,2
3433,img_3433.png,2
3434,img_3434.png,6
3435,img_3435.png,3
3436,img_3436.png,2
3437,img_3437.png,2
3438,img_3438.png,7
3439,img_3439.png,4
3440,img_3440.png,4
3441,img_3441.png,4
3442,img_3442.png,3
3443,img_3443.png,2
3444,img_3444.png,6
3445,img_3445.png,3
3446,img_3446.png,3
3447,img_3447.png,3
3448,img_3448.png,5
3449,img_3449.png,6
3450,img_3450.png,1
3451,img_3451.png,3
3452,img_3452.png,4
3453,img_3453.png,6
3454,img_3454.png,4
3455,img_3455.png,1
3456,img_3456.png,6
3457,img_3457.png,3
3458,img_3458.png,2
3459,img_3459.png,4
3460,img_3460.png,5
3461,img_3461.png,7
3462,img_3462.png,7
3463,img_3463.png,6
3464,img_3464.png,4
3465,img_3465.png,1
3466,img_3466.png,3
3467,img_3467.png,5
3468,img_3468.png,5
3469,img_3469.png,2
3470,img_3470.png,5
3471,img_3471.png,2
3472,img_3472.png,6
3473,img_3473.png,7
3474,img_3474.png,6
3475,img_3475.png,1
3476,img_3476.png,4
3477,img_3477.png,5
3478,img_3478.png,3
3479,img_3479.png,6
3480,img_3480.png,1
3481,img_3481.png,6
3482,img_3482.png,3
3483,img_3483.png,4
3484,img_3484.png,4
3485,img_3485.png,6
3486,img_3486.png,7
3487,img_3487.png,2
3488,img_3488.png,6
3489,img_3489.png,2
3490,img_3490.png,3
3491,img_3491.png,6
3492,img_3492.png,4
3493,img_3493.png,3
3494,img_3494.png,6
3495,img_3495.png,1
3496,img_3496.png,5
3497,img_3497.png,3
3498,img_3498.png,7
3499,img_3499.png,6
3500,img_3500.png,5
3501,img_3501.png,7
3502,img_3502.png,5
3503,img_3503.png,1
3504,img_3504.png,1
3505,img_3505.png,4
3506,img_3506.png,6
3507,img_3507.png,7
3508,img_3508.png,6
3509,img_3509.png,4
3510,img_3510.png,2
3511,img_3511.png,3
3512,img_3512.png,4
3513,img_3513.png,1
3514,img_3514.png,5
3515,img_3515.png,4
3516,img_3516.png,1
3517,img_3517.png,7
3518,img_3518.png,7
3519,img_3519.png,6
3520,img_3520.png,4
3521,img_3521.png,1
3522,img_3522.png,3
3523,img_3523.png,2
3524,img_3524.png,7
3525,img_3525.png,4
3526,img_3526.png,4
3527,img_3527.png,5
3528,img_3528.png,4
3529,img_3529.png,1
3530,img_3530.png,5
3531,img_3531.png,3
3532,img_3532.png,1
3533,img_3533.png,6
3534,img_3534.png,5
3535,img_3535.png,2
3536,img_3536.png,1
3537,img_3537.png,7
3538,img_3538.png,2
3539,img_3539.png,7
3540,img_3540.png,5
3541,img_3541.png,7
3542,img_3542.png,6
3543,img_3543.png,6
3544,img_3544.png,6
3545,img_3545.png,2
3546,img_3546.png,7
3547,img_3547.png,6
3548,img_3548.png,1
3549,img_3549.png,1
3550,img_3550.png,7
3551,img_3551.png,6
3552,img_3552.png,2
3553,img_3553.png,7
3554,img_3554.png,7
3555,img_3555.png,6
3556,img_3556.png,6
3557,img_3557.png,4
3558,img_3558.png,5
3559,img_3559.png,2
3560,img_3560.png,7
3561,img_3561.png,4
3562,img_3562.png,2
3563,img_3563.png,2
3564,img_3564.png,6
3565,img_3565.png,1
3566,img_3566.png,7
3567,img_3567.png,2
3568,img_3568.png,5
3569,img_3569.png,5
3570,img_3570.png,5
3571,img_3571.png,6
3572,img_3572.png,2
3573,img_3573.png,3
3574,img_3574.png,1
3575,img_3575.png,6
3576,img_3576.png,3
3577,img_3577.png,2
3578,img_3578.png,3
3579,img_3579.png,1
3580,img_3580.png,5
3581,img_3581.png,6
3582,img_3582.png,7
3583,img_3583.png,1
3584,img_3584.png,5
3585,img_3585.png,6
3586,img_3586.png,6
3587,img_3587.png,3
3588,img_3588.png,7
3589,img_3589.png,1
3590,img_3590.png,7
3591,img_3591.png,1
3592,img_3592.png,7
3593,img_3593.png,4
3594,img_3594.png,4
3595,img_3595.png,1
3596,img_3596.png,3
3597,img_3597.png,1
3598,img_3598.png,4
3599,img_3599.png,4
3600,img_3600.png,5
3601,img_3601.png,7
3602,img_3602.png,4
3603,img_3603.png,5
3604,img_3604.png,7
3605,img_3605.png,7
3606,img_3606.png,3
3607,img_3607.png,4
3608,img_3608.png,6
3609,img_3609.png,7
3610,img_3610.png,6
3611,img_3611.png,7
3612,img_3612.png,4
3613,img_3613.png,6
3614,img_3614.png,3
3615,img_3615.png,7
3616,img_3616.png,2
3617,img_3617.png,4
3618,img_3618.png,3
3619,img_3619.png,2
3620,img_3620.png,6
3621,img_3621.png,1
3622,img_3622.png,1
3623,img_3623.png,3
3624,img_3624.png,2
3625,img_3625.png,7
3626,img_3626.png,3
3627,img_3627.png,3
3628,img_3628.png,3
3629,img_3629.png,5
3630,img_3630.png,3
3631,img_3631.png,5
3632,img_3632.png,5
3633,img_3633.png,3
3634,img_3634.png,5
3635,img_3635.png,5
3636,img_3636.png,1
3637,img_3637.png,3
3638,img_3638.png,4
3639,img_3639.png,4
3640,img_3640.png,5
3641,img_3641.png,3
3642,img_3642.png,3
3643,img_3643.png,5
3644,img_3644.png,6
3645,img_3645.png,6
3646,img_3646.png,4
3647,img_3647.png,1
3648,img_3648.png,7
3649,img_3649.png,4
3650,img_3650.png,6
3651,img_3651.png,6
3652,img_3652.png,1
3653,img_3653.png,2
3654,img_3654.png,5
3655,img_3655.png,3
3656,img_3656.png,4
3657,img_3657.png,1
3658,img_3658.png,6
3659,img_3659.png,2
3660,img_3660.png,7
3661,img_3661.png,3
3662,img_3662.png,5
3663,img_3663.png,1
3664,img_3664.png,4
3665,img_3665.png,7
3666,img_3666.png,1
3667,img_3667.png,7
3668,img_3668.png,1
3669,img_3669.png,7
3670,img_3670.png,6
3671,img_3671.png,6
3672,img_3672.png,4
3673,img_3673.png,3
3674,img_3674.png,2
3675,img_3675.png,6
3676,img_3676.png,2
3677,img_3677.png,3
3678,img_3678.png,1
3679,img_3679.png,4
3680,img_3680.png,6
3681,img_3681.png,7
3682,img_3682.png,5
3683,img_3683.png,6
3684,img_3684.png,2
3685,img_3685.png,1
3686,img_3686.png,5
3687,img_3687.png,6
3688,img_3688.png,1
3689,img_3689.png,6
3690,img_3690.png,1
3691,img_3691.png,6
3692,img_3692.png,4
3693,img_3693.png,3
3694,img_3694.png,1
3695,img_3695.png,1
3696,img_3696.png,6
3697,img_3697.png,2
3698,img_3698.png,2
3699,img_3699.png,1
3700,img_3700.png,1
3701,img_3701.png,3
3702,img_3702.png,3
3703,img_3703.png,4
3704,img_3704.png,3
3705,img_3705.png,6
3706,img_3706.png,4
3707,img_3707.png,2
3708,img_3708.png,5
3709,img_3709.png,6
3710,img_3710.png,6
3711,img_3711.png,5
3712,img_3712.png,1
3713,img_3713.png,3
3714,img_3714.png,5
3715,img_3715.png,5
3716,img_3716.png,6
3717,img_3717.png,5
3718,img_3718.png,6
3719,img_3719.png,5
3720,img_3720.png,6
3721,img_3721.png,7
3722,img_3722.png,6
3723,img_3723.png,5
3724,img_3724.png,7
3725,img_3725.png,2
3726,img_3726.png,2
3727,img_3727.png,2
3728,img_3728.png,5
3729,img_3729.png,1
3730,img_3730.png,6
3731,img_3731.png,7
3732,img_3732.png,2
3733,img_3733.png,7
3734,img_3734.png,2
3735,img_3735.png,3
3736,img_3736.png,5
3737,img_3737.png,7
3738,img_3738.png,3
3739,img_3739.png,1
3740,img_3740.png,4
3741,img_3741.png,1
3742,img_3742.png,5
3743,img_3743.png,1
3744,img_3744.png,6
3745,img_3745.png,4
3746,img_3746.png,1
3747,img_3747.png,4
3748,img_3748.png,5
3749,img_3749.png,2
3750,img_3750.png,6
3751,img_3751.png,2
3752,img_3752.png,1
3753,img_3753.png,1
3754,img_3754.png,7
3755,img_3755.png,1
3756,img_3756.png,2
3757,img_3757.png,2
3758,img_3758.png,5
3759,img_3759.png,4
3760,img_3760.png,2
3761,img_3761.png,7
3762,img_3762.png,7
3763,img_3763.png,1
3764,img_3764.png,3
3765,img_3765.png,6
3766,img_3766.png,7
3767,img_3767.png,1
3768,img_3768.png,7
3769,img_3769.png,3
3770,img_3770.png,2
3771,img_3771.png,5
3772,img_3772.png,1
3773,img_3773.png,1
3774,img_3774.png,2
3775,img_3775.png,2
3776,img_3776.png,6
3777,img_3777.png,2
3778,img_3778.png,1
3779,img_3779.png,4
3780,img_3780.png,4
3781,img_3781.png,1
3782,img_3782.png,6
3783,img_3783.png,7
3784,img_3784.png,5
3785,img_3785.png,2
3786,img_3786.png,3
3787,img_3787.png,2
3788,img_3788.png,4
3789,img_3789.png,6
3790,img_3790.png,6
3791,img_3791.png,6
3792,img_3792.png,4
3793,img_3793.png,2
3794,img_3794.png,2
3795,img_3795.png,7
3796,img_3796.png,6
3797,img_3797.png,5
3798,img_3798.png,6
3799,img_3799.png,5
3800,img_3800.png,2
3801,img_3801.png,2
3802,img_3802.png,4
3803,img_3803.png,5
3804,img_3804.png,6
3805,img_3805.png,4
3806,img_3806.png,5
3807,img_3807.png,3
3808,img_3808.png,1
3809,img_3809.png,3
3810,img_3810.png,5
3811,img_3811.png,5
3812,img_3812.png,5
3813,img_3813.png,3
3814,img_3814.png,7
3815,img_3815.png,5
3816,img_3816.png,5
3817,img_3817.png,7
3818,img_3818.png,6
3819,img_3819.png,3
3820,img_3820.png,1
3821,img_3821.png,7
3822,img_3822.png,2
3823,img_3823.png,6
3824,img_3824.png,3
3825,img_3825.png,5
3826,img_3826.png,3
3827,img_3827.png,7
3828,img_3828.png,3
3829,img_3829.png,4
3830,img_3830.png,3
3831,img_3831.png,4
3832,img_3832.png,6
3833,img_3833.png,3
3834,img_3834.png,2
3835,img_3835.png,4
3836,img_3836.png,4
3837,img_3837.png,2
3838,img_3838.png,5
3839,img_3839.png,2
3840,img_3840.png,7
3841,img_3841.png,7
3842,img_3842.png,6
3843,img_3843.png,2
3844,img_3844.png,6
3845,img_3845.png,2
3846,img_3846.png,1
3847,img_3847.png,6
3848,img_3848.png,7
3849,img_3849.png,6
3850,img_3850.png,5
3851,img_3851.png,4
3852,img_3852.png,2
3853,img_3853.png,7
3854,img_3854.png,1
3855,img_3855.png,6
3856,img_3856.png,1
3857,img_3857.png,3
3858,img_3858.png,3
3859,img_3859.png,6
3860,img_3860.png,3
3861,img_3861.png,5
3862,img_3862.png,1
3863,img_3863.png,4
3864,img_3864.png,2
3865,img_3865.png,6
3866,img_3866.png,5
3867,img_3867.png,1
3868,img_3868.png,1
3869,img_3869.png,3
3870,img_3870.png,7
3871,img_3871.png,6
3872,img_3872.png,2
3873,img_3873.png,2
3874,img_3874.png,5
3875,img_3875.png,5
3876,img_3876.png,4
3877,img_3877.png,6
3878,img_3878.png,1
3879,img_3879.png,4
3880,img_3880.png,3
3881,img_3881.png,5
3882,img_3882.png,6
3883,img_3883.png,5
3884,img_3884.png,5
3885,img_3885.png,2
3886,img_3886.png,1
3887,img_3887.png,6
3888,img_3888.png,4
3889,img_3889.png,7
3890,img_3890.png,5
3891,img_3891.png,4
3892,img_3892.png,6
3893,img_3893.png,4
3894,img_3894.png,2
3895,img_3895.png,1
3896,img_3896.png,7
3897,img_3897.png,6
3898,img_3898.png,5
3899,img_3899.png,4
3900,img_3900.png,2
3901,img_3901.png,1
3902,img_3902.png,4
3903,img_3903.png,3
3904,img_3904.png,5
3905,img_3905.png,4
3906,img_3906.png,1
3907,img_3907.png,5
3908,img_3908.png,4
3909,img_3909.png,4
3910,img_3910.png,7
3911,img_3911.png,3
3912,img_3912.png,2
3913,img_3913.png,6
3914,img_3914.png,4
3915,img_3915.png,7
3916,img_3916.png,5
3917,img_3917.png,6
3918,img_3918.png,7
3919,img_3919.png,5
3920,img_3920.png,3
3921,img_3921.png,5
3922,img_3922.png,7
3923,img_3923.png,6
3924,img_3924.png,4
3925,img_3925.png,6
3926,img_3926.png,5
3927,img_3927.png,4
3928,img_3928.png,7
3929,img_3929.png,3
3930,img_3930.png,4
3931,img_3931.png,1
3932,img_3932.png,3
3933,img_3933.png,2
3934,img_3934.png,3
3935,img_3935.png,5
3936,img_3936.png,7
3937,img_3937.png,7
3938,img_3938.png,4
3939,img_3939.png,6
3940,img_3940.png,7
3941,img_3941.png,4
3942,img_3942.png,4
3943,img_3943.png,5
3944,img_3944.png,1
3945,img_3945.png,2
3946,img_3946.png,2
3947,img_3947.png,3
3948,img_3948.png,5
3949,img_3949.png,7
3950,img_3950.png,4
3951,img_3951.png,5
3952,img_3952.png,3
3953,img_3953.png,5
3954,img_3954.png,4
3955,img_3955.png,2
3956,img_3956.png,4
3957,img_3957.png,6
3958,img_3958.png,2
3959,img_3959.png,5
3960,img_3960.png,6
3961,img_3961.png,4
3962,img_3962.png,6
3963,img_3963.png,7
3964,img_3964.png,4
3965,img_3965.png,2
3966,img_3966.png,3
3967,img_3967.png,3
3968,img_3968.png,3
3969,img_3969.png,1
3970,img_3970.png,7
3971,img_3971.png,4
3972,img_3972.png,5
3973,img_3973.png,6
3974,img_3974.png,3
3975,img_3975.png,5
3976,img_3976.png,7
3977,img_3977.png,6
3978,img_3978.png,3
3979,img_3979.png,5
3980,img_3980.png,2
3981,img_3981.png,1
3982,img_3982.png,7
3983,img_3983.png,4
3984,img_3984.png,1
3985,img_3985.png,3
3986,img_3986.png,1
3987,img_3987.png,3
3988,img_3988.png,1
3989,img_3989.png,1
3990,img_3990.png,5
3991,img_3991.png,4
3992,img_3992.png,3
3993,img_3993.png,5
3994,img_3994.png,6
3995,img_3995.png,2
3996,img_3996.png,7
3997,img_3997.png,7
3998,img_3998.png,5
3999,img_3999.png,5
4000,img_4000.png,5
4001,img_4001.png,2
4002,img_4002.png,1
4003,img_4003.png,6
4004,img_4004.png,6
4005,img_4005.png,6
4006,img_4006.png,1
4007,img_4007.png,4
4008,img_4008.png,6
4009,img_4009.png,7
4010,img_4010.png,7
4011,img_4011.png,7
4012,img_4012.png,4
4013,img_4013.png,2
4014,img_4014.png,3
4015,img_4015.png,6
4016,img_4016.png,5
4017,img_4017.png,2
4018,img_4018.png,7
4019,img_4019.png,6
4020,img_4020.png,1
4021,img_4021.png,7
4022,img_4022.png,3
4023,img_4023.png,2
4024,img_4024.png,5
4025,img_4025.png,5
4026,img_4026.png,2
4027,img_4027.png,1
4028,img_4028.png,5
4029,img_4029.png,5
4030,img_4030.png,2
4031,img_4031.png,3
4032,img_4032.png,1
4033,img_4033.png,5
4034,img_4034.png,3
4035,img_4035.png,7
4036,img_4036.png,7
4037,img_4037.png,7
4038,img_4038.png,2
4039,img_4039.png,6
4040,img_4040.png,7
4041,img_4041.png,2
4042,img_4042.png,2
4043,img_4043.png,7
4044,img_4044.png,2
4045,img_4045.png,2
4046,img_4046.png,3
4047,img_4047.png,7
4048,img_4048.png,4
4049,img_4049.png,7
4050,img_4050.png,6
4051,img_4051.png,7
4052,img_4052.png,6
4053,img_4053.png,1
4054,img_4054.png,4
4055,img_4055.png,2
4056,img_4056.png,7
4057,img_4057.png,7
4058,img_4058.png,4
4059,img_4059.png,5
4060,img_4060.png,3
4061,img_4061.png,4
4062,img_4062.png,5
4063,img_4063.png,3
4064,img_4064.png,2
4065,img_4065.png,7
4066,img_4066.png,4
4067,img_4067.png,3
4068,img_4068.png,3
4069,img_4069.png,1
4070,img_4070.png,3
4071,img_4071.png,5
4072,img_4072.png,7
4073,img_4073.png,2
4074,img_4074.png,3
4075,img_4075.png,3
4076,img_4076.png,1
4077,img_4077.png,5
4078,img_4078.png,1
4079,img_4079.png,6
4080,img_4080.png,6
4081,img_4081.png,6
4082,img_4082.png,1
4083,img_4083.png,2
4084,img_4084.png,7
4085,img_4085.png,2
4086,img_4086.png,2
4087,img_4087.png,2
4088,img_4088.png,7
4089,img_4089.png,1
4090,img_4090.png,1
4091,img_4091.png,3
4092,img_4092.png,6
4093,img_4093.png,5
4094,img_4094.png,4
4095,img_4095.png,3
4096,img_4096.png,2
4097,img_4097.png,7
4098,img_4098.png,7
4099,img_4099.png,7
4100,img_4100.png,6
4101,img_4101.png,4
4102,img_4102.png,5
4103,img_4103.png,4
4104,img_4104.png,6
4105,img_4105.png,4
4106,img_4106.png,2
4107,img_4107.png,7
4108,img_4108.png,1
4109,img_4109.png,2
4110,img_4110.png,6
4111,img_4111.png,1
4112,img_4112.png,6
4113,img_4113.png,1
4114,img_4114.png,7
4115,img_4115.png,1
4116,img_4116.png,7
4117,img_4117.png,4
4118,img_4118.png,5
4119,img_4119.png,7
4120,img_4120.png,5
4121,img_4121.png,4
4122,img_4122.png,1
4123,img_4123.png,1
4124,img_4124.png,7
4125,img_4125.png,4
4126,img_4126.png,1
4127,img_4127.png,2
4128,img_4128.png,4
4129,img_4129.png,5
4130,img_4130.png,7
4131,img_4131.png,2
4132,img_4132.png,5
4133,img_4133.png,3
4134,img_4134.png,4
4135,img_4135.png,3
4136,img_4136.png,3
4137,img_4137.png,3
4138,img_4138.png,1
4139,img_4139.png,5
4140,img_4140.png,6
4141,img_4141.png,3
4142,img_4142.png,4
4143,img_4143.png,6
4144,img_4144.png,2
4145,img_4145.png,7
4146,img_4146.png,7
4147,img_4147.png,2
4148,img_4148.png,5
4149,img_4149.png,5
4150,img_4150.png,1
4151,img_4151.png,1
4152,img_4152.png,4
4153,img_4153.png,2
4154,img_4154.png,6
4155,img_4155.png,2
4156,img_4156.png,3
4157,img_4157.png,2
4158,img_4158.png,6
4159,img_4159.png,3
4160,img_4160.png,4
4161,img_4161.png,7
4162,img_4162.png,4
4163,img_4163.png,6
4164,img_4164.png,4
4165,img_4165.png,5
4166,img_4166.png,5
4167,img_4167.png,7
4168,img_4168.png,6
4169,img_4169.png,5
4170,img_4170.png,6
4171,img_4171.png,1
4172,img_4172.png,2
4173,img_4173.png,4
4174,img_4174.png,5
4175,img_4175.png,2
4176,img_4176.png,2
4177,img_4177.png,4
4178,img_4178.png,2
4179,img_4179.png,7
4180,img_4180.png,7
4181,img_4181.png,5
4182,img_4182.png,6
4183,img_4183.png,3
4184,img_4184.png,6
4185,img_4185.png,4
4186,img_4186.png,5
4187,img_4187.png,4
4188,img_4188.png,2
4189,img_4189.png,3
4190,img_4190.png,6
4191,img_4191.png,4
4192,img_4192.png,6
4193,img_4193.png,4
4194,img_4194.png,7
4195,img_4195.png,3
4196,img_4196.png,2
4197,img_4197.png,6
4198,img_4198.png,1
4199,img_4199.png,3
4200,img_4200.png,2
4201,img_4201.png,1
4202,img_4202.png,6
4203,img_4203.png,4
4204,img_4204.png,7
4205,img_4205.png,5
4206,img_4206.png,6
4207,img_4207.png,7
4208,img_4208.png,7
4209,img_4209.png,4
4210,img_4210.png,4
4211,img_4211.png,4
4212,img_4212.png,5
4213,img_4213.png,2
4214,img_4214.png,3
4215,img_4215.png,1
4216,img_4216.png,7
4217,img_4217.png,4
4218,img_4218.png,2
4219,img_4219.png,7
4220,img_4220.png,1
4221,img_4221.png,2
4222,img_4222.png,6
4223,img_4223.png,3
4224,img_4224.png,7
4225,img_4225.png,3
4226,img_4226.png,3
4227,img_4227.png,5
4228,img_4228.png,7
4229,img_4229.png,2
4230,img_4230.png,3
4231,img_4231.png,2
4232,img_4232.png,1
4233,img_4233.png,4
4234,img_4234.png,3
4235,img_4235.png,5
4236,img_4236.png,4
4237,img_4237.png,2
4238,img_4238.png,7
4239,img_4239.png,2
4240,img_4240.png,1
4241,img_4241.png,5
4242,img_4242.png,6
4243,img_4243.png,2
4244,img_4244.png,5
4245,img_4245.png,6
4246,img_4246.png,1
4247,img_4247.png,4
4248,img_4248.png,6
4249,img_4249.png,7
4250,img_4250.png,3
4251,img_4251.png,2
4252,img_4252.png,1
4253,img_4253.png,1
4254,img_4254.png,7
4255,img_4255.png,7
4256,img_4256.png,1
4257,img_4257.png,4
4258,img_4258.png,7
4259,img_4259.png,5
4260,img_4260.png,3
4261,img_4261.png,5
4262,img_4262.png,2
4263,img_4263.png,3
4264,img_4264.png,1
4265,img_4265.png,4
4266,img_4266.png,3
4267,img_4267.png,6
4268,img_4268.png,6
4269,img_4269.png,1
4270,img_4270.png,2
4271,img_4271.png,3
4272,img_4272.png,2
4273,img_4273.png,4
4274,img_4274.png,3
4275,img_4275.png,3
4276,img_4276.png,5
4277,img_4277.png,5
4278,img_4278.png,3
4279,img_4279.png,7
4280,img_4280.png,3
4281,img_4281.png,3
4282,img_4282.png,5
4283,img_4283.png,5
4284,img_4284.png,4
4285,img_4285.png,4
4286,img_4286.png,1
4287,img_4287.png,5
4288,img_4288.png,5
4289,img_4289.png,7
4290,img_4290.png,3
4291,img_4291.png,7
4292,img_4292.png,1
4293,img_4293.png,2
4294,img_4294.png,7
4295,img_4295.png,7
4296,img_4296.png,2
4297,img_4297.png,5
4298,img_4298.png,5
4299,img_4299.png,1
4300,img_4300.png,5
4301,img_4301.png,4
4302,img_4302.png,6
4303,img_4303.png,5
4304,img_4304.png,1
4305,img_4305.png,7
4306,img_4306.png,2
4307,img_4307.png,5
4308,img_4308.png,4
4309,img_4309.png,2
4310,img_4310.png,2
4311,img_4311.png,4
4312,img_4312.png,1
4313,img_4313.png,7
4314,img_4314.png,5
4315,img_4315.png,3
4316,img_4316.png,5
4317,img_4317.png,3
4318,img_4318.png,3
4319,img_4319.png,1
4320,img_4320.png,4
4321,img_4321.png,3
4322,img_4322.png,5
4323,img_4323.png,2
4324,img_4324.png,1
4325,img_4325.png,3
4326,img_4326.png,5
4327,img_4327.png,4
4328,img_4328.png,3
4329,img_4329.png,6
4330,img_4330.png,7
4331,img_4331.png,5
4332,img_4332.png,3
4333,img_4333.png,5
4334,img_4334.png,2
4335,img_4335.png,6
4336,img_4336.png,6
4337,img_4337.png,2
4338,img_4338.png,4
4339,img_4339.png,2
4340,img_4340.png,5
4341,img_4341.png,4
4342,img_4342.png,2
4343,img_4343.png,4
4344,img_4344.png,7
4345,img_4345.png,7
4346,img_4346.png,5
4347,img_4347.png,5
4348,img_4348.png,4
4349,img_4349.png,1
4350,img_4350.png,1
4351,img_4351.png,6
4352,img_4352.png,1
4353,img_4353.png,5
4354,img_4354.png,2
4355,img_4355.png,5
4356,img_4356.png,3
4357,img_4357.png,5
4358,img_4358.png,7
4359,img_4359.png,3
4360,img_4360.png,6
4361,img_4361.png,5
4362,img_4362.png,3
4363,img_4363.png,1
4364,img_4364.png,3
4365,img_4365.png,1
4366,img_4366.png,5
4367,img_4367.png,5
4368,img_4368.png,2
4369,img_4369.png,3
4370,img_4370.png,4
4371,img_4371.png,2
4372,img_4372.png,6
4373,img_4373.png,6
4374,img_4374.png,6
4375,img_4375.png,3
4376,img_4376.png,3
4377,img_4377.png,6
4378,img_4378.png,3
4379,img_4379.png,5
4380,img_4380.png,4
4381,img_4381.png,7
4382,img_4382.png,5
4383,img_4383.png,2
4384,img_4384.png,3
4385,img_4385.png,1
4386,img_4386.png,4
4387,img_4387.png,6
4388,img_4388.png,2
4389,img_4389.png,5
4390,img_4390.png,4
4391,img_4391.png,2
4392,img_4392.png,1
4393,img_4393.png,6
4394,img_4394.png,2
4395,img_4395.png,4
4396,img_4396.png,7
4397,img_4397.png,4
4398,img_4398.png,1
4399,img_4399.png,1
4400,img_4400.png,3
4401,img_4401.png,4
4402,img_4402.png,3
4403,img_4403.png,6
4404,img_4404.png,7
4405,img_4405.png,6
4406,img_4406.png,2
4407,img_4407.png,3
4408,img_4408.png,1
4409,img_4409.png,6
4410,img_4410.png,5
4411,img_4411.png,7
4412,img_4412.png,1
4413,img_4413.png,7
4414,img_4414.png,1
4415,img_4415.png,4
4416,img_4416.png,6
4417,img_4417.png,7
4418,img_4418.png,7
4419,img_4419.png,1
4420,img_4420.png,6
4421,img_4421.png,3
4422,img_4422.png,1
4423,img_4423.png,7
4424,img_4424.png,3
4425,img_4425.png,3
4426,img_4426.png,4
4427,img_4427.png,6
4428,img_4428.png,7
4429,img_4429.png,2
4430,img_4430.png,2
4431,img_4431.png,5
4432,img_4432.png,1
4433,img_4433.png,5
4434,img_4434.png,3
4435,img_4435.png,5
4436,img_4436.png,7
4437,img_4437.png,1
4438,img_4438.png,7
4439,img_4439.png,6
4440,img_4440.png,1
4441,img_4441.png,6
4442,img_4442.png,2
4443,img_4443.png,3
4444,img_4444.png,4
4445,img_4445.png,3
4446,img_4446.png,6
4447,img_4447.png,1
4448,img_4448.png,1
4449,img_4449.png,5
4450,img_4450.png,2
4451,img_4451.png,3
4452,img_4452.png,1
4453,img_4453.png,7
4454,img_4454.png,3
4455,img_4455.png,3
4456,img_4456.png,5
4457,img_4457.png,3
4458,img_4458.png,3
4459,img_4459.png,7
4460,img_4460.png,5
4461,img_4461.png,5
4462,img_4462.png,5
4463,img_4463.png,7
4464,img_4464.png,2
4465,img_4465.png,7
4466,img_4466.png,1
4467,img_4467.png,6
4468,img_4468.png,6
4469,img_4469.png,3
4470,img_4470.png,2
4471,img_4471.png,6
4472,img_4472.png,6
4473,img_4473.png,4
4474,img_4474.png,5
4475,img_4475.png,7
4476,img_4476.png,6
4477,img_4477.png,5
4478,img_4478.png,1
4479,img_4479.png,7
4480,img_4480.png,1
4481,img_4481.png,2
4482,img_4482.png,2
4483,img_4483.png,5
4484,img_4484.png,1
4485,img_4485.png,6
4486,img_4486.png,7
4487,img_4487.png,3
4488,img_4488.png,1
4489,img_4489.png,4
4490,img_4490.png,7
4491,img_4491.png,5
4492,img_4492.png,6
4493,img_4493.png,2
4494,img_4494.png,3
4495,img_4495.png,1
4496,img_4496.png,2
4497,img_4497.png,7
4498,img_4498.png,5
4499,img_4499.png,1
4500,img_4500.png,3
4501,img_4501.png,6
4502,img_4502.png,6
4503,img_4503.png,2
4504,img_4504.png,6
4505,img_4505.png,1
4506,img_4506.png,1
4507,img_4507.png,5
4508,img_4508.png,1
4509,img_4509.png,4
4510,img_4510.png,5
4511,img_4511.png,2
4512,img_4512.png,2
4513,img_4513.png,4
4514,img_4514.png,2
4515,img_4515.png,6
4516,img_4516.png,4
4517,img_4517.png,6
4518,img_4518.png,4
4519,img_4519.png,3
4520,img_4520.png,4
4521,img_4521.png,3
4522,img_4522.png,1
4523,img_4523.png,7
4524,img_4524.png,6
4525,img_4525.png,6
4526,img_4526.png,6
4527,img_4527.png,3
4528,img_4528.png,6
4529,img_4529.png,1
4530,img_4530.png,2
4531,img_4531.png,5
4532,img_4532.png,4
4533,img_4533.png,6
4534,img_4534.png,6
4535,img_4535.png,4
4536,img_4536.png,3
4537,img_4537.png,7
4538,img_4538.png,5
4539,img_4539.png,3
4540,img_4540.png,7
4541,img_4541.png,6
4542,img_4542.png,5
4543,img_4543.png,1
4544,img_4544.png,2
4545,img_4545.png,3
4546,img_4546.png,1
4547,img_4547.png,4
4548,img_4548.png,7
4549,img_4549.png,6
4550,img_4550.png,4
4551,img_4551.png,1
4552,img_4552.png,2
4553,img_4553.png,1
4554,img_4554.png,5
4555,img_4555.png,2
4556,img_4556.png,7
4557,img_4557.png,3
4558,img_4558.png,1
4559,img_4559.png,3
4560,img_4560.png,1
4561,img_4561.png,3
4562,img_4562.png,7
4563,img_4563.png,6
4564,img_4564.png,2
4565,img_4565.png,2
4566,img_4566.png,3
4567,img_4567.png,2
4568,img_4568.png,6
4569,img_4569.png,4
4570,img_4570.png,1
4571,img_4571.png,5
4572,img_4572.png,1
4573,img_4573.png,7
4574,img_4574.png,4
4575,img_4575.png,5
4576,img_4576.png,2
4577,img_4577.png,6
4578,img_4578.png,2
4579,img_4579.png,4
4580,img_4580.png,2
4581,img_4581.png,3
4582,img_4582.png,7
4583,img_4583.png,7
4584,img_4584.png,2
4585,img_4585.png,3
4586,img_4586.png,3
4587,img_4587.png,4
4588,img_4588.png,2
4589,img_4589.png,3
4590,img_4590.png,3
4591,img_4591.png,1
4592,img_4592.png,7
4593,img_4593.png,5
4594,img_4594.png,4
4595,img_4595.png,5
4596,img_4596.png,4
4597,img_4597.png,2
4598,img_4598.png,5
4599,img_4599.png,3
4600,img_4600.png,4
4601,img_4601.png,6
4602,img_4602.png,4
4603,img_4603.png,6
4604,img_4604.png,6
4605,img_4605.png,5
4606,img_4606.png,1
4607,img_4607.png,4
4608,img_4608.png,2
4609,img_4609.png,3
4610,img_4610.png,7
4611,img_4611.png,5
4612,img_4612.png,2
4613,img_4613.png,7
4614,img_4614.png,6
4615,img_4615.png,6
4616,img_4616.png,7
4617,img_4617.png,2
4618,img_4618.png,1
4619,img_4619.png,6
4620,img_4620.png,4
4621,img_4621.png,4
4622,img_4622.png,2
4623,img_4623.png,2
4624,img_4624.png,7
4625,img_4625.png,7
4626,img_4626.png,5
4627,img_4627.png,4
4628,img_4628.png,6
4629,img_4629.png,6
4630,img_4630.png,7
4631,img_4631.png,1
4632,img_4632.png,5
4633,img_4633.png,1
4634,img_4634.png,7
4635,img_4635.png,3
4636,img_4636.png,3
4637,img_4637.png,1
4638,img_4638.png,3
4639,img_4639.png,4
4640,img_4640.png,2
4641,img_4641.png,1
4642,img_4642.png,2
4643,img_4643.png,1
4644,img_4644.png,1
4645,img_4645.png,6
4646,img_4646.png,5
4647,img_4647.png,5
4648,img_4648.png,5
4649,img_4649.png,1
4650,img_4650.png,1
4651,img_4651.png,5
4652,img_4652.png,5
4653,img_4653.png,1
4654,img_4654.png,7
4655,img_4655.png,3
4656,img_4656.png,1
4657,img_4657.png,6
4658,img_4658.png,7
4659,img_4659.png,4
4660,img_4660.png,1
4661,img_4661.png,3
4662,img_4662.png,7
4663,img_4663.png,2
4664,img_4664.png,5
4665,img_4665.png,1
4666,img_4666.png,2
4667,img_4667.png,5
4668,img_4668.png,6
4669,img_4669.png,4
4670,img_4670.png,3
4671,img_4671.png,7
4672,img_4672.png,2
4673,img_4673.png,2
4674,img_4674.png,4
4675,img_4675.png,5
4676,img_4676.png,2
4677,img_4677.png,7
4678,img_4678.png,5
4679,img_4679.png,5
4680,img_4680.png,6
4681,img_4681.png,2
4682,img_4682.png,5
4683,img_4683.png,7
4684,img_4684.png,4
4685,img_4685.png,5
4686,img_4686.png,6
4687,img_4687.png,6
4688,img_4688.png,7
4689,img_4689.png,4
4690,img_4690.png,7
4691,img_4691.png,6
4692,img_4692.png,5
4693,img_4693.png,3
4694,img_4694.png,4
4695,img_4695.png,1
4696,img_4696.png,7
4697,img_4697.png,3
4698,img_4698.png,6
4699,img_4699.png,3
4700,img_4700.png,2
4701,img_4701.png,5
4702,img_4702.png,6
4703,img_4703.png,1
4704,img_4704.png,1
4705,img_4705.png,1
4706,img_4706.png,6
4707,img_4707.png,1
4708,img_4708.png,1
4709,img_4709.png,2
4710,img_4710.png,2
4711,img_4711.png,2
4712,img_4712.png,6
4713,img_4713.png,4
4714,img_4714.png,1
4715,img_4715.png,6
4716,img_4716.png,4
4717,img_4717.png,3
4718,img_4718.png,3
4719,img_4719.png,4
4720,img_4720.png,7
4721,img_4721.png,1
4722,img_4722.png,4
4723,img_4723.png,3
4724,img_4724.png,6
4725,img_4725.png,4
4726,img_4726.png,5
4727,img_4727.png,5
4728,img_4728.png,5
4729,img_4729.png,7
4730,img_4730.png,1
4731,img_4731.png,7
4732,img_4732.png,7
4733,img_4733.png,2
4734,img_4734.png,4
4735,img_4735.png,4
4736,img_4736.png,4
4737,img_4737.png,7
4738,img_4738.png,3
4739,img_4739.png,2
4740,img_4740.png,4
4741,img_4741.png,4
4742,img_4742.png,5
4743,img_4743.png,5
4744,img_4744.png,1
4745,img_4745.png,2
4746,img_4746.png,1
4747,img_4747.png,4
4748,img_4748.png,2
4749,img_4749.png,2
4750,img_4750.png,5
4751,img_4751.png,7
4752,img_4752.png,1
4753,img_4753.png,1
4754,img_4754.png,7
4755,img_4755.png,7
4756,img_4756.png,5
4757,img_4757.png,2
4758,img_4758.png,6
4759,img_4759.png,3
4760,img_4760.png,2
4761,img_4761.png,6
4762,img_4762.png,5
4763,img_4763.png,2
4764,img_4764.png,2
4765,img_4765.png,4
4766,img_4766.png,3
4767,img_4767.png,7
4768,img_4768.png,5
4769,img_4769.png,4
4770,img_4770.png,2
4771,img_4771.png,6
4772,img_4772.png,2
4773,img_4773.png,1
4774,img_4774.png,3
4775,img_4775.png,5
4776,img_4776.png,7
4777,img_4777.png,4
4778,img_4778.png,5
4779,img_4779.png,7
4780,img_4780.png,4
4781,img_4781.png,6
4782,img_4782.png,2
4783,img_4783.png,4
4784,img_4784.png,7
4785,img_4785.png,3
4786,img_4786.png,6
4787,img_4787.png,4
4788,img_4788.png,2
4789,img_4789.png,1
4790,img_4790.png,2
4791,img_4791.png,5
4792,img_4792.png,2
4793,img_4793.png,2
4794,img_4794.png,4
4795,img_4795.png,4
4796,img_4796.png,7
4797,img_4797.png,3
4798,img_4798.png,2
4799,img_4799.png,6
4800,img_4800.png,6
4801,img_4801.png,5
4802,img_4802.png,5
4803,img_4803.png,4
4804,img_4804.png,6
4805,img_4805.png,4
4806,img_4806.png,3
4807,img_4807.png,1
4808,img_4808.png,4
4809,img_4809.png,1
4810,img_4810.png,2
4811,img_4811.png,4
4812,img_4812.png,5
4813,img_4813.png,2
4814,img_4814.png,2
4815,img_4815.png,3
4816,img_4816.png,4
4817,img_4817.png,4
4818,img_4818.png,6
4819,img_4819.png,4
4820,img_4820.png,4
4821,img_4821.png,3
4822,img_4822.png,1
4823,img_4823.png,2
4824,img_4824.png,6
4825,img_4825.png,2
4826,img_4826.png,5
4827,img_4827.png,1
4828,img_4828.png,5
4829,img_4829.png,4
4830,img_4830.png,5
4831,img_4831.png,6
4832,img_4832.png,4
4833,img_4833.png,4
4834,img_4834.png,5
4835,img_4835.png,3
4836,img_4836.png,7
4837,img_4837.png,3
4838,img_4838.png,1
4839,img_4839.png,6
4840,img_4840.png,1
4841,img_4841.png,4
4842,img_4842.png,6
4843,img_4843.png,5
4844,img_4844.png,4
4845,img_4845.png,7
4846,img_4846.png,3
4847,img_4847.png,1
4848,img_4848.png,3
4849,img_4849.png,2
4850,img_4850.png,7
4851,img_4851.png,4
4852,img_4852.png,5
4853,img_4853.png,5
4854,img_4854.png,7
4855,img_4855.png,5
4856,img_4856.png,3
4857,img_4857.png,4
4858,img_4858.png,1
4859,img_4859.png,4
4860,img_4860.png,6
4861,img_4861.png,2
4862,img_4862.png,5
4863,img_4863.png,5
4864,img_4864.png,5
4865,img_4865.png,4
4866,img_4866.png,5
4867,img_4867.png,2
4868,img_4868.png,3
4869,img_4869.png,5
4870,img_4870.png,4
4871,img_4871.png,4
4872,img_4872.png,4
4873,img_4873.png,1
4874,img_4874.png,5
4875,img_4875.png,1
4876,img_4876.png,3
4877,img_4877.png,3
4878,img_4878.png,7
4879,img_4879.png,1
4880,img_4880.png,6
4881,img_4881.png,7
4882,img_4882.png,3
4883,img_4883.png,6
4884,img_4884.png,5
4885,img_4885.png,1
4886,img_4886.png,3
4887,img_4887.png,4
4888,img_4888.png,4
4889,img_4889.png,2
4890,img_4890.png,5
4891,img_4891.png,4
4892,img_4892.png,7
4893,img_4893.png,5
4894,img_4894.png,5
4895,img_4895.png,7
4896,img_4896.png,5
4897,img_4897.png,1
4898,img_4898.png,2
4899,img_4899.png,7
4900,img_4900.png,2
4901,img_4901.png,4
4902,img_4902.png,4
4903,img_4903.png,5
4904,img_4904.png,7
4905,img_4905.png,1
4906,img_4906.png,5
4907,img_4907.png,4
4908,img_4908.png,6
4909,img_4909.png,4
4910,img_4910.png,1
4911,img_4911.png,2
4912,img_4912.png,4
4913,img_4913.png,1
4914,img_4914.png,1
4915,img_4915.png,5
4916,img_4916.png,1
4917,img_4917.png,7
4918,img_4918.png,6
4919,img_4919.png,1
4920,img_4920.png,5
4921,img_4921.png,5
4922,img_4922.png,1
4923,img_4923.png,5
4924,img_4924.png,6
4925,img_4925.png,1
4926,img_4926.png,2
4927,img_4927.png,6
4928,img_4928.png,2
4929,img_4929.png,2
4930,img_4930.png,1
4931,img_4931.png,6
4932,img_4932.png,4
4933,img_4933.png,5
4934,img_4934.png,1
4935,img_4935.png,2
4936,img_4936.png,5
4937,img_4937.png,1
4938,img_4938.png,5
4939,img_4939.png,7
4940,img_4940.png,2
4941,img_4941.png,1
4942,img_4942.png,7
4943,img_4943.png,7
4944,img_4944.png,4
4945,img_4945.png,6
4946,img_4946.png,1
4947,img_4947.png,2
4948,img_4948.png,1
4949,img_4949.png,2
4950,img_4950.png,3
4951,img_4951.png,6
4952,img_4952.png,2
4953,img_4953.png,6
4954,img_4954.png,7
4955,img_4955.png,1
4956,img_4956.png,4
4957,img_4957.png,3
4958,img_4958.png,1
4959,img_4959.png,3
4960,img_4960.png,6
4961,img_4961.png,1
4962,img_4962.png,2
4963,img_4963.png,1
4964,img_4964.png,4
4965,img_4965.png,7
4966,img_4966.png,5
4967,img_4967.png,7
4968,img_4968.png,1
4969,img_4969.png,4
4970,img_4970.png,6
4971,img_4971.png,2
4972,img_4972.png,7
4973,img_4973.png,7
4974,img_4974.png,7
4975,img_4975.png,2
4976,img_4976.png,6
4977,img_4977.png,7
4978,img_4978.png,2
4979,img_4979.png,6
4980,img_4980.png,2
4981,img_4981.png,6
4982,img_4982.png,4
4983,img_4983.png,6
4984,img_4984.png,7
4985,img_4985.png,5
4986,img_4986.png,2
4987,img_4987.png,7
4988,img_4988.png,1
4989,img_4989.png,2
4990,img_4990.png,4
4991,img_4991.png,4
4992,img_4992.png,7
4993,img_4993.png,3
4994,img_4994.png,4
4995,img_4995.png,6
4996,img_4996.png,4
4997,img_4997.png,3
4998,img_4998.png,4
4999,img_4999.png,2
